"(PDH-CSV 4.0) (W. Europe Daylight Time)(-120)","\\LAPTOPVANJONAS\LogicalDisk(_Total)\% Disk Read Time","\\LAPTOPVANJONAS\LogicalDisk(_Total)\% Disk Write Time","\\LAPTOPVANJONAS\Memory\% Committed Bytes In Use","\\LAPTOPVANJONAS\Memory\Available MBytes","\\LAPTOPVANJONAS\Processor(0)\% Processor Time","\\LAPTOPVANJONAS\Processor(1)\% Processor Time","\\LAPTOPVANJONAS\Processor(10)\% Processor Time","\\LAPTOPVANJONAS\Processor(11)\% Processor Time","\\LAPTOPVANJONAS\Processor(2)\% Processor Time","\\LAPTOPVANJONAS\Processor(3)\% Processor Time","\\LAPTOPVANJONAS\Processor(4)\% Processor Time","\\LAPTOPVANJONAS\Processor(5)\% Processor Time","\\LAPTOPVANJONAS\Processor(6)\% Processor Time","\\LAPTOPVANJONAS\Processor(7)\% Processor Time","\\LAPTOPVANJONAS\Processor(8)\% Processor Time","\\LAPTOPVANJONAS\Processor(9)\% Processor Time","\\LAPTOPVANJONAS\Processor(_Total)\% Processor Time"
"10/27/2021 10:23:03.042"," "," ","44.028627696453739304","10371"," "," "," "," "," "," "," "," "," "," "," "," "," "
"10/27/2021 10:23:05.044","0","0.20971877483554529631","44.033807759181087249","10362","11.803374662011801632","2.4373613517829628705","12.58387577119753864","0","26.632895736540785236","6.3398668977116434675","17.266882426311958909","3.9983635701544395502","5.5593657885259055718","3.2178624609687012104","4.778864679340177446","6.3398668977116434675","8.356162262309318578"
"10/27/2021 10:23:07.051","0","0.17758442324508483257","44.084345070664845423","10357","43.933298866017331363","3.4406813803631752791","10.449019022111016852","1.1045688331139058569","33.810144494603790122","12.006427386943862246","7.3342022924453136312","4.9980897451960331068","8.1129064748617363279","0.32586465069747161394","15.89994829902598994","2.6619771979467521383","12.006427386943862246"
"10/27/2021 10:23:09.041","0","0.18504849376053664201","44.107128969418610609","10349","23.05349461756368612","1.8539472162802050903","6.5649577498987587987","0","81.941126287795555072","1.0687787940104498396","12.061136705787067314","4.2094524830894819445","1.0687787940104498396","14.416641972596345056","1.0687787940104498396","8.1352945944382693","12.911731642347723081"
"10/27/2021 10:23:11.042","0.17682524872265670268","2.3930573528241869674","44.0661726854895619","10356","29.729128464297748025","22.702041310727526735","24.263616233743135808","0.059204927001244023188","35.975428156360166554","21.140466387711921215","16.455741618665097548","8.6478670035870734978","0.059204927001244023188","0.83999238850904767162","0","9.428654465094876258","14.048317776549168912"
"10/27/2021 10:23:13.052","0","0.12098552606539578202","44.079017602856971791","10355","0","0","38.588079308753641783","2.0518733278855560975","12.934998513676044141","0","0","4.3839715819835145538","1.2745072431862292106","10.60290025957808524","72.014820950824443457","0","11.704168050378294552"
"10/27/2021 10:23:15.042","0","0.27516188254406226399","44.076069594378594729","10355","48.963367796114972919","1.0674514201613471975","12.845135774904036907","6.5637041190412688252","8.9192409899898077441","4.2081672480927316826","18.341388473783972302","1.0674514201613471975","57.600336322926295907","5.7785251620584237031","15.985851602835431606","5.7785251620584237031","15.593262124344009933"
"10/27/2021 10:23:17.042","0","0.15359472352949762874","44.091041256694829542","10358","77.343790781176593896","3.1251743746861238016","28.906377968519660016","0","3.906422968438660881","0.7814285934285347679","8.5939145309538389483","14.062654687221565197","0.7814285934285347679","1.562677187181060745","14.843903280974091174","0.00017999967599768851301","12.760572030970340762"
"10/27/2021 10:23:19.052","0","0.067646897424328333859","44.094705219402605678","10358","36.256095223269333871","5.1615075273031667535","24.595624837282027642","0.49731937290823369224","68.905412304033816895","2.0520487577065482654","16.044613220891324801","7.4936016045006219599","9.8256956816980878244","0.49731937290823369224","0.49731937290823369224","1.2746840653073854277","14.425102615870743605"
"10/27/2021 10:23:21.042","0","0.15263078681514830048","44.086324457099266283","10354","38.755219625666882166","8.1328294385003108147","5.777260962564422897","0","62.310904385025779106","0.28093451871401553532","0.28093451871401553532","19.910671818179757508","0.28093451871401553532","8.1328294385003108147","2.6365029946499030089","0","12.05877689839346445"
"10/27/2021 10:23:23.042","0","0.15806600883327695528","44.155455274543598421","10343","58.594795481414095661","1.5649854841165211639","41.407729454831269322","0","28.126814797926346756","2.3462157580521059153","2.3462157580521059153","3.9086763059232754181","16.408360688892610568","11.72097904527911183","3.9086763059232754181","0.0025249362453627632874","14.129773223226116841"
"10/27/2021 10:23:25.042","0","0.11313988686011314244","44.00799161382205682","10365","78.90627109372890402","0.78134921865078421632","21.875078124921877532","1.5625984374015633449","7.0313429686570287913","0","9.9999900005087738464e-005","10.156339843660155964","5.4688445311554705341","11.718838281161714221","14.843835156164841393","0.78134921865078421632","12.695402304597692478"
"10/27/2021 10:23:27.052","0","0.15134533163831870306","44.012645269747039833","10369","68.127678145694318346","12.156771474718464532","26.149498142462423544","0","17.598387401063341429","0","6.7151555483735858587","11.379397770954913227","12.934145178482015837","1.2735396220287187319","2.8282870295558204532","0","13.063704145648136645"
"10/27/2021 10:23:29.042","0","0.13820334545363910372","44.004475056194806371","10367","60.740541184039152256","6.5624880180131679452","45.821946833974024571","0.28097460745942770544","11.273623075928473014","11.273623075928473014","7.3476771943323910818","0.28097460745942770544","0.28097460745942770544","13.629190604886121108","1.8513529600978628764","3.4217313127362980474","13.56375733599106681"
"10/27/2021 10:23:31.052","0","0.11074468737685189135","44.00121118966518452","10370","63.464452024988496248","3.6083415127356133212","33.925072811149412644","0","20.710087373379295173","2.0536373435861898784","19.932735288804583007","9.8271581893333177504","7.4951019356091830304","0","2.0536373435861898784","0","13.519583078589869629"
"10/27/2021 10:23:33.042","0","0.11423636460118929969","44.009191879073433995","10362","44.252422918469015656","5.7787429607927043307","15.986045806706828287","1.0676801088323362166","8.919451528766275672","0.28250296683893783012","57.60043433235671273","1.0676801088323362166","8.919451528766275672","4.2083886768059075578","10.489805812753061787","1.0676801088323362166","13.303358075751681611"
"10/27/2021 10:23:35.052","0","0.15806229654516715244","44.011845100673809839","10363","33.145668560727614249","0","49.470563447061564943","0","43.251555871315296997","2.0506306819962683008","11.379142045615676437","2.8280066289645522382","0","6.714886363805971925","3.6053825759328361755","0","12.545205966068095904"
"10/27/2021 10:23:37.042","0.0065878360807691827006","0.21626293013582248426","44.018309643496365879","10359","81.15607528384100533","1.8545587700052768021","19.913319956324304627","6.5655399490450179201","20.698483486164263923","1.8545587700052768021","5.7803764192050692827","2.6397222998452374298","0.28423171032535554659","15.202338777284563065","9.7061940684048497729","0.28423171032535554659","13.828300087541334662"
"10/27/2021 10:23:39.052","0","0.2361795274857208804","44.030459654524563007","10366","59.577042028532979145","0.49733422408120286917","5.1615216823273861735","0","57.24494829940989149","0.49733422408120286917","2.0520633768299267885","5.9388862587017587913","6.716250835076120751","5.1615216823273861735","0","0","11.769120581509495693"
"10/27/2021 10:23:41.042","0","0.1139468193234106641","44.040019634189086162","10364","16.76982601790565397","21.480967941420423983","4.9919712091187173897","0.28082928560394515571","85.86657422945566509","0","19.125396979663044306","0.28082928560394515571","4.2067808885329238677","5.7771615297045109116","13.629064735562469224","4.9919712091187173897","14.74141685218933695"
"10/27/2021 10:23:43.052","0.19137301055476929612","1.9087251336603612284","44.023047537548244179","10364","27.705270638382174297","2.8296648365351839693","41.697798901921110826","0","44.029886945844268098","2.0523021552274589574","6.7164782430737757224","5.1617528804583372448","0.49757679261202003573","16.822193100074112948","2.8296648365351839693","2.8296648365351839693","12.741041510769168354"
"10/27/2021 10:23:45.042","0","0.20094533958119167871","44.037787579940115279","10365","89.792682279076331042","1.8527142218878189794","15.985923373935973402","1.067535935662922153","27.7635976673094369","1.067535935662922153","11.274853656586580897","6.5637839392371999381","5.7786056530123026675","0.28235764943802532656","1.067535935662922153","10.489675370361684514","14.415566801486178861"
"10/27/2021 10:23:47.042","0","0.12177498782250122111","44.047958204533891546","10365","53.906254609374535391","3.1250096874990362927","14.062508593749145192","0","52.343754765624517233","7.0312592968740705857","3.1250096874990362927","5.4687594531240506512","10.156258984374099796","9.9999989955357193594e-006","9.9999989955357193594e-006","3.9062596093740409309","12.695318730468130752"
"10/27/2021 10:23:49.042","0","0.10849343226990371125","44.061603290974538538","10364","22.657367601038171046","0.0014449791200465966767","16.40745791223316985","0.78268369022067574292","3.9076385346231701234","14.063741778931293069","68.750451555975018891","0.78268369022067574292","0.0014449791200465966767","14.063741778931293069","5.4701159568244284159","16.40745791223316985","13.608023364062393767"
"10/27/2021 10:23:51.052","0","0.046647620215136277599","44.059939762591369572","10364","63.463261416925440983","1.273068084032580316","3.6052003340160676537","0","54.134732416991518278","6.7147100006607063349","5.1599551673383921013","5.937332583999543445","6.7147100006607063349","5.1599551673383921013","5.1599551673383921013","3.6052003340160676537","13.3871953476561103"
"10/27/2021 10:23:53.042","0","0.14329457421798150185","44.059202760471777083","10363","21.483457632348113009","3.4246528877881821096","15.202134242935960273","11.276307124553364147","71.734044747645313578","0","0.28399119308210041268","1.069156616758626388","7.3504800061707680214","13.631803395582920757","16.772465090289003342","0","13.435514552193151161"
"10/27/2021 10:23:55.042","0","0.25315977215620505403","44.060297739706072662","10364","28.125064687441781786","4.6875857811727978941","25.781316796814877534","50.781294296835135071","24.218818203063619876","7.8125829686753300862","3.9063364842971681767","1.5625885936702665902","10.937580156177862278","4.6875857811727978941","2.3438378905458967516","6.2500843749240591052","14.25788716790155064"
"10/27/2021 10:23:57.052","0","0.28356219390320636098","44.066046351582286889","10363","26.926577367254257211","28.48133104029140128","50.247882462811411131","0","12.933794309919965926","8.26953329080853905","2.0505185986599672177","2.0505185986599672177","0.495764925622821373","9.8242869638456848946","5.9374027812528211712","0","12.091640216367983029"
"10/27/2021 10:23:59.042","0","0.13970778450046603125","44.071816034631758896","10362","30.119725983396673286","0.28320449316154849839","15.986636856443192656","0.28320449316154849839","53.674874528319136857","4.2090625839819590936","21.482838183591766779","5.7794058203101243976","16.771808474607276196","12.060778765622782061","3.4238909658178773299","2.638719347653795122","13.892844199639519331"
"10/27/2021 10:24:01.042","0","0.15511706053170293274","44.060066096498644583","10364","71.875532958650438786","2.3456005508695643158","5.4705413332417300865","0.78313015968347610141","5.4705413332417300865","32.032537983405219961","14.064128484765214822","7.814246920020861964","2.3456005508695643158","0.0018949640904319942081","5.4705413332417300865","0.0018949640904319942081","12.306346794728240113"
"10/27/2021 10:24:03.052","0","0.15433498418017904674","44.068467929975241759","10363","74.346740524836448571","5.9380485910670133265","21.485478576014614305","0.49644809633535569304","16.043878081282958448","0","2.8285625940774994369","5.1606770918196431808","0","7.4927915895617758224","32.36867956547794023","6.7154200903143941304","14.359576483032032712"
"10/27/2021 10:24:05.042","0","0.14184302370394949455","44.071436986343805131","10362","18.340243591304627557","3.4216342474083560887","2.6364442819401312512","0.28087438553545673869","49.74784221003362461","5.7772041438130301572","0.28087438553545673869","1.8512543164719064137","12.058723867558828857","0.28087438553545673869","54.458982002842958536","4.2068242128765813703","12.778480498368738338"
"10/27/2021 10:24:07.052","0","0.17462137795353357972","44.077648884634875515","10361","97.667942470043684011","4.3856412717914956545","16.823281431558456234","1.2762312318497559538","14.491223901602145574","2.0535837418351854389","9.827108841689536689","9.0497563317041063158","0","9.827108841689536689","5.1629937817769260278","2.8309362518206260262","14.426443696594015265"
"10/27/2021 10:24:09.042","0","0.36512041953747759182","44.079565080832587398","10361","74.08920900039748858","9.70481924380942651","37.185961213084816279","3.4234153651179100031","7.3492927893001098738","15.986223122500941685","0.28271342577215197167","1.0678889106085831529","0.28271342577215197167","3.4234153651179100031","1.0678889106085831529","0","12.714656927308077172"
"10/27/2021 10:24:11.043","0","0.049916178398592657428","44.083439615574533832","10361","40.659263341346708387","10.208095845458831974","55.494447506010025961","0.057706680162872281414","18.796886677632329565","0.057706680162872281414","5.5233008460914723159","5.5233008460914723159","7.8656983457751517008","8.6464975123363814191","10.208095845458831974","1.6193050132853326062","13.721692094984360821"
"10/27/2021 10:24:13.043","0.1853049411751059028","2.0114900863206433002","44.079291341844779595","10353","32.814334168677191883","0.78395859793027877771","68.750853101710319493","0.0027299254730328570417","11.721160012331665712","0.78395859793027877771","6.2525593051309673598","7.0337879775882132805","8.5962453225026926873","15.627303374617873999","3.9088732877592402559","5.4713306326737320973","13.478927025292207986"
"10/27/2021 10:24:15.053","0","0.17328098634588215421","44.082028778288986359","10353","20.707866436374942509","0","23.039988011775680121","0","19.930492577908033525","0","3.6056415501028782344","0","2.050893833169054048","2.8282676916359661412","76.678784245992630986","5.9377631255036149582","12.545440922472373302"
"10/27/2021 10:24:17.043","0","0.1506934219014808285","44.081818206254816062","10354","6.5640985233873845317","0.28269338210249461696","43.467353728436066262","1.0678690247631128507","57.600515296327046144","5.778922880726766742","1.8530446674237199822","4.208571595405552479","11.275152379351037979","11.275152379351037979","18.341733163296535025","4.208571595405552479","13.826970705435970288"
"10/27/2021 10:24:19.053","0","0.10596445188408418203","44.090451659655769845","10354","59.577389945153115036","1.2755485198931770796","52.581168974121915483","0","3.6076221769035687892","0.49819063422303910826","29.260432404017944208","2.0529064055633039487","1.2755485198931770796","0","0","14.490632576285422672","13.454157053755400497"
"10/27/2021 10:24:21.043","0","0.15376301279422038837","44.087103554999245603","10354","9.7022963544627920385","8.9170989314581223795","8.1319015084534420623","1.8503221244160816816","37.184206159626285171","0.27992727840673303774","65.451313387794456844","4.9911118164347678672","16.769073161504831404","8.1319015084534420623","2.6355195474207504525","4.9911118164347678672","14.086316137116128289"
"10/27/2021 10:24:23.043","0","0.1195384280696708823","44.091715091860791631","10354","22.657267056938202643","14.844869789962267248","14.844869789962267248","0.0013149827079783626971","21.876027330240610524","49.219417764656391512","3.907513616195945616","0.0013149827079783626971","16.407349243357451485","0","0.0013149827079783626971","1.5637944361031608231","12.045426602640175062"
"10/27/2021 10:24:25.053","0","0.17541064808356268689","44.090809636770472935","10354","37.809992312320005681","3.6054880840960201738","50.247993849856008808","0","40.919492696704004686","1.2733627958080195874","7.4923635645760100488","6.7149884684800102974","0","5.1602382762880090183","0","11.379239045056010582","13.646582246135906757"
"10/27/2021 10:24:27.043","0","0.20455797397203676069","44.092936405002362221","10354","18.341634680875596786","8.1343390159850379462","13.630575143233802038","0.28257311991538580642","80.370585259825872981","1.8529262991293204976","1.0677497095223476009","11.27504537441290644","0.28257311991538580642","15.986104912054699412","3.4232794783432440866","1.8529262991293204976","13.041695213593662572"
"10/27/2021 10:24:29.053","0","0.064094613460426039242","44.110287549931157969","10353","74.346980466093157247","2.829471462474109078","22.263577169979285486","0.49737877757348725183","17.59939180017804361","0","11.380477973776381262","6.7162926039751376095","0","37.033497507683222238","0","0","14.101252772827111315"
"10/27/2021 10:24:31.043","0","0.044858171646851671688","44.10599187112087094","10355","4.996100851541463328","9.7070379993989046596","45.039066608329768826","1.855476086303164962","63.882815199759555469","1.855476086303164962","9.7070379993989046596","0.28516370368401044999","8.9218818080893385059","4.2109446602318856279","8.1367256167797599176","1.070319894993587706","13.305671380401062009"
"10/27/2021 10:24:33.053","0","0.049000048756267414185","44.08447140457212754","10358","54.912890460587519215","4.384233218142508548","21.486240284816204849","6.7163250908707343712","36.256155478761677102","0.49741343026211692901","7.4936890484468161588","0.49741343026211692901","3.606869260566425428","25.373060072696585365","2.8295053029903538544","0.49741343026211692901","13.712600709055433157"
"10/27/2021 10:24:35.043","0","0.17289425178498679658","44.074363946931988778","10356","11.272659988993661173","1.8502875984443223345","63.88090583622750529","1.0650898992318746927","41.110172559066590736","7.3466714929314331783","1.0650898992318746927","8.9170668913563293501","17.554241582693229873","1.8502875984443223345","0.27989220001942705096","0","12.973918320443777574"
"10/27/2021 10:24:37.043","0","0.14006169454400876906","44.07651178633712874","10355","67.188274356725187886","0.78359150724043313829","21.095612143553410078","0.0023599443053190505282","28.907927772904564279","0.0023599443053190505282","18.751917454748067371","0.0023599443053190505282","6.2522124477862313086","5.4709808848511176649","0.0023599443053190505282","1.5648230701755472261","12.502064951267154669"
"10/27/2021 10:24:39.053","0","0.19891566311216221652","44.086029646938207804","10353","25.371177642319274526","0.49490352309237151118","48.692684629094507898","6.7139720528990975978","28.480711907222644896","0.49490352309237151118","30.035479039674328305","9.0461227515766235996","0","8.2687391853507818951","8.2687391853507818951","0","13.710424148931664945"
"10/27/2021 10:24:41.043","0","0.022120079469475875666","44.08449247574538532","10353","5.7811244769030878388","1.0701807007482355694","67.808550862941885384","0","44.253831982167653791","1.0701807007482355694","3.4256525888256561529","12.062382845109542728","16.773326621264395442","1.0701807007482355694","0.28502340472242870817","7.3514390689547015612","13.370980013488120264"
"10/27/2021 10:24:43.053","0.14601369866012481324","1.6075935083706627271","44.061603290974538538","10364","29.258134188917484408","12.93308823251383366","34.699816174385368583","2.0497242615780564279","78.233272058128449089","0","1.272341120796927072","8.2687893878270699588","7.4914062470459397147","2.8271074023591857838","0","0.49495798001580881831","14.746980569252421844"
"10/27/2021 10:24:45.043","0","0.14350022665468092908","44.090283206685050743","10347","36.401766866326802585","1.0694151253972439264","35.616603494306140476","4.2100686134798781524","43.468237214512718936","4.9952319855005367089","4.2100686134798781524","1.0694151253972439264","0.28425175337659647212","4.9952319855005367089","0.28425175337659647212","15.987519193789722749","12.716008493734044293"
"10/27/2021 10:24:47.053","0","0.18516455680332483125","44.087819509228651782","10352","13.712510557857360283","2.0520390116218645282","21.486158255347685753","0.49730947212379694733","19.15406394610058527","2.0520390116218645282","20.708793485598654627","5.1614980906180001341","11.3804162486102598","7.4935923998650899591","3.6067685511199321091","65.795950131042559406","14.425094100938217423"
"10/27/2021 10:24:49.043","0","0.078763241234511546796","44.099274637200700511","10352","6.5647558565650747653","2.6389052623031039602","50.53428251229915702","0","11.275776569679440087","2.6389052623031039602","44.252921561479993784","15.986797282793807184","0.28339490574591508221","0","3.4240753811555002528","9.7054363319746492778","12.191805024948054736"
"10/27/2021 10:24:51.043","0","0.12132999393350028805","44.098474468127470516","10353","40.625002968749853949","0.78125496093724988711","0.78125496093724988711","4.9999997475680402204e-006","61.718751914062394803","1.5625049218747522062","12.500004374999784673","36.718753164062349015","4.9999997475680402204e-006","6.2500046874997661206","2.3437548828122545252","4.9999997475680402204e-006","13.606779319661033156"
"10/27/2021 10:24:53.053","0.0036915803063245476202","0.12206593371384472091","44.163562297859130013","10346","88.339432152360970463","3.6059724595173703321","18.376025066526800344","4.3833436493599720052","18.376025066526800344","5.9380860290451753514","7.4928284087303786976","8.2701995985729794825","9.824941978258184605","2.828601269674768659","9.824941978258184605","23.040252205582412159","16.691719163475958965"
"10/27/2021 10:24:55.043","0","0.11203904120389507337","44.165520613120293092","10348","41.112418635264383227","0","5.7798698164230106755","0","39.542083132204766116","31.690405616906680564","11.276044077131663457","6.5650375679528139017","0","19.127721592429747233","5.7798698164230106755","0","13.0426690055369221"
"10/27/2021 10:24:57.053","0.0024726480104959678435","0.21449848355034839553","44.168552859725558335","10347","33.146463498914343404","43.252230644427292816","34.70119690591634054","1.2744286553735162393","14.489662614890441716","4.3838954693774967453","26.927529870906386833","6.7159955798804844562","0","2.8291620623755009412","0.49706195187252388834","1.2744286553735162393","14.100979263139945985"
"10/27/2021 10:24:59.043","0","0.14549735583153744489","44.178049649153386724","10348","3.4234541898404358129","34.83046095737199721","79.585445601104481739","0","4.9938045282170051564","1.8531038514638553671","7.349330035781875381","3.4234541898404358129","4.2086293590287144895","5.7789796974052958234","0.28275351308727492139","5.7789796974052958234","12.58383283874416847"
"10/27/2021 10:25:01.053","0","0.16675320167938290083","44.161667149551604439","10349","61.131384428195275405","1.2737164476160023341","14.489045742029604824","0.49634413617990480461","8.2700672505408476809","2.8284610704881862908","50.248172068089957065","1.2737164476160023341","5.9379503162325653065","19.93065192208226577","0.49634413617990480461","1.2737164476160023341","13.970795876011276704"
"10/27/2021 10:25:03.043","0","0.14635191323568733091","44.166973569469284655","10348","25.408212742335056333","11.275031998777485853","56.030104353376451343","0","1.8529115030724407909","0.28255808712159824481","33.259979822089256629","0.28255808712159824481","11.275031998777485853","0.28255808712159824481","0.28255808712159824481","7.3491484589003785999","12.191073166459121424"
"10/27/2021 10:25:05.053","0.033373149271559369999","0.21881104324872582834","44.175691237714069359","10345","39.365644492079624683","0.49746788443835177063","29.259918574092893095","2.0521949487440016568","23.818373849023110722","1.2748314165911822649","12.15792086673073058","2.0521949487440016568","31.592009170551371255","5.1616490773553120874","2.0521949487440016568","16.044738527494860847","13.777429054570223599"
"10/27/2021 10:25:07.043","0","0.23068794969790612504","44.164046608881101008","10347","31.688356288809494288","15.199338841280752632","8.1326170780541495731","0","74.873878175194292339","2.636277928877894805","0","1.8510866218527155524","5.7770431569786122594","6.5622344640037910679","1.8510866218527155524","4.2066605429282528661","12.647464580836743409"
"10/27/2021 10:25:09.043","0","0.19347525985613353572","44.162509437688278524","10348","25.783068314826284251","10.939681977791549272","55.46984098889578263","3.1273733793522051627","32.032915193577757407","3.9086042391961450804","5.4710659588840027112","4.6898350990400743399","0.78368079982040761422","0","23.439375735294486702","1.5649116596643364296","13.804196797178470035"
"10/27/2021 10:25:11.044","0","0.17859347730309810265","44.170974438118513206","10345","3.9662182949857016645","10.99308037096234969","1.6239309363268117359","28.950616787347136949","28.169854334460843859","3.9662182949857016645","7.8700305594171737766","7.8700305594171737766","32.07366659889232352","2.4046933892131083788","24.266042070029371303","2.4046933892131083788","12.879922132624276543"
"10/27/2021 10:25:13.054","0","0.19515461320131777256","44.175459617789705646","10347","57.243850676894211915","1.2721642902829954913","4.3817024228725127699","8.268625088609393714","48.692620812273055719","6.7138560223146459549","0","0","3.6043178897251282322","19.152008552672693753","2.0495488234303693709","0.49477975713562161175","12.544240020919971812"
"10/27/2021 10:25:15.044","0.28886955252806834071","1.584069049702286458","44.186809459744672779","10337","16.7727452989226542","1.0694896949457910473","32.476000902899507139","1.0694896949457910473","53.675395968268269087","2.6398152553434806045","3.424978035542325383","9.706280277133060963","4.2101408157411590594","23.839210320712233226","10.49144305733190663","8.1359547167353838404","13.959244499036493892"
"10/27/2021 10:25:17.054","0","0.27364361533554504291","44.180597584736673866","10338","25.372636812603623468","0","7.4931643822899074436","0","68.127896972049455826","0.49684908347150669172","4.383690916148397676","1.274217450006875918","0","30.814215378351285324","9.0479011153606681006","2.828954183077636575","12.35171916071480247"
"10/27/2021 10:25:19.044","0","0.19429909588559379774","44.184998526280978126","10338","52.890031967944928226","3.4245655342870828797","44.253204495401490703","2.6393994004195064917","19.127888211638776284","3.4245655342870828797","5.7800639358898457942","9.7058946052277601524","6.5652300697574217381","1.0690671326843315114","12.846559140698099455","10.491060739095347643","14.351460059767095601"
"10/27/2021 10:25:21.054","0","0.26374147723286972544","44.191947426691640999","10339","24.595718623883623621","0","37.033538232315187599","5.1616254857092975783","50.248721566273736983","2.8295343091283786663","5.9389892112362669963","9.0484441133441571026","7.4937166622902173785","0.49744313254745931019","0","2.0521705836013981461","12.028336736154942699"
"10/27/2021 10:25:23.044","0","0.25247220956449673013","44.183987785173577834","10337","16.771406972015899584","29.334213466805948656","19.126933189789031786","15.986231566091513301","3.4234250713014668932","10.490003724620866166","18.341757783864654385","4.9937758831502199186","6.564126694998972944","8.1344775068477375157","49.748774020839782395","1.8530742594527027656","15.397352524209528823"
"10/27/2021 10:25:25.054","0","0.14152477497008530971","44.188051820776436784","10339","20.707617904600482461","41.696777871029766516","42.474154166082698225","0.49583423322413500145","2.0505868233300028614","4.3827157084888153094","0","9.8243497738593745794","5.1600920035417496834","5.1600920035417496834","0.49583423322413500145","16.043360134282856677","12.350820245177274614"
"10/27/2021 10:25:27.044","0","0.20914597036971446786","44.188388750000946459","10337","6.5639623603585111056","2.6380784259197875841","83.511287475357391941","1.067724852144302794","23.052674885001124494","12.060199868572707871","0.28254806525656039895","1.067724852144302794","5.7787855734707687105","6.5639623603585111056","23.052674885001124494","1.852901639032045189","13.957714624494288458"
"10/27/2021 10:25:29.044","0","0.2722665694412250148","44.178807722446229889","10339","40.625748115573742325","1.5637402968722624585","40.625748115573742325","0.78250014049823235496","1.5637402968722624585","5.4699410787424129765","7.8136615478644921851","7.0324213914904625256","2.3449804532462925621","20.313504049848972954","17.969783580726883088","4.688700922368383317","12.566201665859011882"
"10/27/2021 10:25:31.054","0","0.2090569937524695554","44.189841706349938022","10338","24.594953318399170428","7.4927777823659997836","29.259183010044587547","4.3832913212690556293","61.908790851562464752","2.8285480907205839962","5.9380345518175285946","9.0475210129144727489","2.0511764754463479576","11.379635858737168874","1.2738048601721119191","4.3832913212690556293","13.711750704559877434"
"10/27/2021 10:25:33.044","0","0.2030687802717506818","44.19601146229449995","10338","74.874566297326140329","5.7796236149730280118","14.416491450267166385","1.0686047957216837645","37.186415743315350824","5.7796236149730280118","4.2092840085559135588","1.0686047957216837645","4.2092840085559135588","0.28343499251312076481","7.3499632213901433531","4.9944538117644761144","13.435031708799838768"
"10/27/2021 10:25:35.054","0","0.19558904975951002525","44.201465264009655698","10337","47.138766980520600214","2.0512446991999278012","57.244590940126947487","0","5.1607289944634260337","1.2738736253840587942","12.15706865880629195","0.49650255156818978719","10.602326511174542389","8.2702132897269251544","23.817634766044392336","0","13.906151087304563063"
"10/27/2021 10:25:37.044","0","0.21975793209750757451","44.201086239004759193","10337","41.110693403588605577","4.9919186911229429526","51.318173213633244245","0.28077416341003580413","16.769780010405220594","1.8511556726476641188","23.836496801974593751","7.3474909549793965269","1.0659649180288499615","3.4215371818853035357","5.7771094457417575541","0.28077416341003580413","13.170993239419658494"
"10/27/2021 10:25:39.054","0","0.18300018208973342637","44.205276631797964626","10338","2.8295053029903538544","6.7163250908707343712","10.603144878751125546","1.2747773878381996049","52.580798587859291615","1.2747773878381996049","7.4936890484468161588","4.384233218142508548","0","9.825780921175041982","0.49741343026211692901","60.354438163620059754","13.12957525330871178"
"10/27/2021 10:25:41.044","0","0.20156810255128979059","44.204476462724727526","10336","25.408194000655480949","5.7787713692490250139","15.200894232324124289","0.28253303245522332077","49.748678063599484744","0.28253303245522332077","26.978547811167995718","11.275009706042826707","1.8528868429677380902","1.8528868429677380902","20.697132569117925982","0","13.237951969183480827"
"10/27/2021 10:25:43.044","0","0.2597618698694680317","44.205655656802854025","10337","13.282294948345874985","0.001204985479930087422","2.3449267436327358993","0","71.875338902166234334","22.657181980957130207","7.0323702599383697276","4.6886485017855523694","4.6886485017855523694","0.78244557153086535806","13.282294948345874985","3.1261673296836822722","11.915126422726608268"
"10/27/2021 10:25:45.044","0.1658880591097084134","3.3743805197479188607","44.210288241554586364","10329","36.719490381962529568","9.3760603000944904295","23.438395770769481885","0.78241084579310227198","54.688030150047239886","3.9073742837208769174","6.2510968621667162282","3.1261334242389415827","2.3448925647569951458","21.094673192323654121","3.1261334242389415827","10.938542019058372645","14.649433601626860479"
"10/27/2021 10:25:47.054","0","0.20845817814019981795","44.214331229267251899","10331","22.263507555116412107","11.380398612832721028","0.49728967054901707101","33.146616497400117396","37.033441119644294304","0","3.6067493683443530017","1.2746545949978482781","0","4.384114292793195311","2.8293844438955217946","25.372967252911760028","11.769081075057130192"
"10/27/2021 10:25:49.044","0","0.16259728713391424781","44.224670330114818739","10330","52.102998114874509383","8.9171767430400556975","12.843160504115914478","0.28001246867316309519","42.680637088292449732","2.6356027253186753434","10.487570247470401341","5.7763897341793661866","3.4207994775338534943","7.3467832386097109421","12.057963751900746985","20.695128026267628485","14.937020185109439296"
"10/27/2021 10:25:51.054","0","0.28756237504034209973","44.226039048336922122","10331","19.931540254230018405","0.49744808292662145988","4.3842665171872958751","1.2748117697787608726","100","0.49744808292662145988","5.9389938908915755889","0","12.15790338570865714","0.49744808292662145988","2.8295391434830285959","0.49744808292662145988","12.352241819857889382"
"10/27/2021 10:25:53.044","0","0.21190157302835532782","44.206182086888276217","10330","31.690649331162578761","1.069216272718209737","19.128010127698225062","0","81.156041194803464123","0","10.491195675316477676","12.846690525966042884","1.069216272718209737","0.284051322501688297","7.3505358744503919155","1.8543812229347311771","13.762717976237215822"
"10/27/2021 10:25:55.054","0","0.21270974957413274486","44.204602796632002537","10333","61.132150191839265574","1.2756614872717397802","44.807653272411762657","2.8303754795981683756","19.154872399025681062","1.2756614872717397802","8.2718744527406791178","6.7171604604142505224","5.1624464680878112688","0","0.49830449110852548245","1.2756614872717397802","12.612118510499414015"
"10/27/2021 10:25:57.044","0","0.30198478804708078771","44.203971080529498749","10331","22.267623095044829284","1.0678839391479622023","25.408325192214743282","0.28270841485549258465","52.104293018158934103","8.1344636577802553745","4.9937615606103546995","9.704814706365205268","18.341745473582449222","1.8530594634404429222","1.0678839391479622023","13.630692327827587107","13.238104565681352298"
"10/27/2021 10:25:59.054","0","0.2667021692443100056","44.218184692835940552","10333","9.8256418461559302813","0.49725996817205908584","51.025995140584676335","0","19.931388880638458261","3.6067205941666791169","32.369231384616945491","22.26348435013442284","5.1614509071639886884","7.4935463766599657021","0.49725996817205908584","8.2709115331586211539","13.388566309297599943"
"10/27/2021 10:26:01.044","0","0.17179857128836664715","44.218795361048265136","10331","37.184247196168620064","5.776370794252927432","11.272749164588180548","0","34.043459555977051423","3.4207800641092522831","5.776370794252927432","26.976687365546027308","20.69511208516288292","1.8503862440134688505","4.9911738842050361598","9.7023553444923962275","13.366604241209078197"
"10/27/2021 10:26:03.044","0","0.17714716564534968568","44.225617904268581526","10332","4.6890249756003861137","32.032337482600283352","6.2514999760003853169","0.0015999744004124849539","19.532537479400325253","3.9077874754003927293","38.282237484200251743","5.4702624758003910443","12.501399977600357261","10.157687477000365561","24.219962480600308652","0","13.022226644373692039"
"10/27/2021 10:26:05.054","0","0.2730263018786914242","44.211362172898688527","10333","65.79584122205612573","20.708541014766488786","4.3838288707478305639","0.49699264598148662486","16.044337545046872151","3.6064616257945658617","25.372744484486108973","5.1611961157011059242","4.3838288707478305639","2.8290943808412905014","0","2.8290943808412905014","12.610966375694998121"
"10/27/2021 10:26:07.044","0","0.21661124038716952911","44.223722755961055952","10332","16.770127156652471001","0","25.407189432848909405","1.0663775635680217135","85.866625366223999549","5.7775024414933540129","8.1330648804560201626","4.2071274821849140579","1.8515650432222474642","1.0663775635680217135","7.3478774008018055142","14.414564717689803075","14.283698462680805008"
"10/27/2021 10:26:09.044","0","0.24301865721304674595","44.227871006407745824","10331","17.970890959745954518","22.658268619189037452","30.470564718260849446","0","60.93851950464092937","0","2.3462987616023167625","7.03367642104540991","3.9087579814166883985","0.0026099318807815130583","2.3462987616023167625","0","12.046565584638235791"
"10/27/2021 10:26:11.045","0","0.22552031271830227932","44.22315420681218967","10330","24.265659850288734845","9.4310983776648704691","90.630803280448091641","4.7465000178889216187","15.677229524032810559","1.6234344447049520177","10.992631164256859932","0.061901658112961666092","0.061901658112961666092","0.061901658112961666092","4.7465000178889216187","7.0887991977768960439","14.115696737440829978"
"10/27/2021 10:26:13.045","0","0.20663817125218439386","44.233914428445025635","10331","21.094448314132417721","1.5633711641651948376","31.250608432115377866","24.219420658127177148","24.219420658127177148","1.5633711641651948376","36.719310034106200646","0.00088499216781556810929","9.3758020241520902971","3.1258573361625741072","1.5633711641651948376","1.5633711641651948376","13.021604758797888479"
"10/27/2021 10:26:15.055","0.20826968100225376479","2.4042234848456578433","44.230334703864144785","10322","23.03882783489136088","7.4911162863845692783","5.1589595541085442321","12.932815328361947138","45.583009580226217849","0","1.2720316669818543254","10.600658596085931862","54.134250931904958293","0","0","9.8232730186605827782","13.969327773173167984"
"10/27/2021 10:26:17.045","0","0.16018911139163274915","44.234061833525558427","10325","38.756986163325059636","4.2096450246879024704","48.178988292044280684","1.8541444925081029815","22.268482438066417473","19.912981905886606881","4.2096450246879024704","1.8541444925081029815","1.0689776484481661178","5.7799787128077761977","4.2096450246879024704","0","12.650191110866115807"
"10/27/2021 10:26:19.045","0","0.20029223596714365585","44.233872332664638805","10325","57.03184296056713265","0","61.719278273959822911","0","8.595011388842833","0.001379980956262016889","1.5638584187538162595","7.0325329510452778692","7.0325329510452778692","11.719968264437952143","0.001379980956262016889","0.001379980956262016889","12.761618889659320786"
"10/27/2021 10:26:21.055","0","0.20156951080923030117","44.249812640307894185","10321","35.478104570968639564","10.602193080257748647","17.598543187020187162","0.4963540371564545417","68.127738402526688333","1.2737262712411712151","0.4963540371564545417","3.6058429734953101331","3.6058429734953101331","12.156937548427181994","0.4963540371564545417","0","12.804746085103680286"
"10/27/2021 10:26:23.045","0","0.065275811156224064491","44.247222585661155847","10321","21.48309858999223465","4.9945492938905928781","34.830971829693545772","1.068704223390204433","64.66739436549650577","1.8538732374902888722","4.9945492938905928781","12.846239434891371545","1.8538732374902888722","0.28353520929013109608","2.6390422515903622092","14.416577463091527989","13.827703215057319142"
"10/27/2021 10:26:25.055","0","0.097180163306256922562","44.242926930133933183","10320","100","2.8285432562673240575","16.043861373414969762","0","9.8248881418160678436","2.8285432562673240575","8.270144833916347693","5.9380298720667639145","5.9380298720667639145","2.8285432562673240575","1.2737999483675932488","5.9380298720667639145","13.387842384949365737"
"10/27/2021 10:26:27.045","0","0.14590527780118661694","44.2434322890461047","10319","40.326324302080564621","0","11.27466639651450997","1.0673271323967115087","4.2080469059714182833","67.807622320859252341","7.348766679546125502","11.27466639651450997","9.7043065097271572483","0","6.5635867361524491415","0","13.172183755523958482"
"10/27/2021 10:26:29.055","0","0.10556374362527927435","44.23433557251336623","10318","78.233510304430353699","1.2734217379519630065","14.488790481690671186","0","44.806401129091256053","0","7.4924187938290032207","5.1602948978751168596","2.0507963699365916455","6.7150441618443750258","0","1.2734217379519630065","13.387510582245386814"
"10/27/2021 10:26:31.045","0","0.16822168419065908207","44.226944503427240818","10324","26.195418151258920147","2.6407643697458071941","49.750071932772030436","0","34.046969411763285507","0.28529899159449589874","1.0704541176449255957","15.203246386552793368","0","0.28529899159449589874","16.77355663865367319","7.3516951260484297848","12.716920145728815683"
"10/27/2021 10:26:33.055","0","0.13151774663706858326","44.2275130525761071","10326","16.821928254643825795","8.2709115331586211539","6.7161812201613102502","5.1614509071639886884","13.712467628649205764","6.7161812201613102502","5.1614509071639886884","5.1614509071639886884","1.2746251246707140936","0","92.226348435013434823","0","13.388566309297599943"
"10/27/2021 10:26:35.045","0","0.15460225510743991206","44.233724927584113118","10325","18.339455696541573815","1.0651097861946068335","7.3466901172298708644","1.8503073275740078429","63.880913096547246255","1.0651097861946068335","1.0651097861946068335","0.27991224481519472178","7.3466901172298708644","4.9910974930916456316","44.250974562062040718","2.6355048689534199546","12.843072906885721451"
"10/27/2021 10:26:37.055","0","0.092741404268343402562","44.232945806401069433","10325","20.70886054789319175","8.2710347514842847971","30.814594007475427873","0","76.679076631733295244","0.49739362872871506482","1.2747577410042731927","8.2710347514842847971","8.2710347514842847971","0.49739362872871506482","3.606850077830936474","5.9389424146576104135","13.583021193657152992"
"10/27/2021 10:26:39.045","0","0.027597625217314965262","44.236778222079571776","10326","58.386228362911587908","1.8543121766782633131","51.319738839632421445","4.2098086844379878357","2.6394776792648455555","7.3504706947842830544","3.4246431818514166956","4.2098086844379878357","5.7801396896111416623","1.0691466740916921729","0.28398117150512103279","15.202125720650027318","12.977491805007801418"
"10/27/2021 10:26:41.055","0","0.076223823713564398119","44.23669398395267649","10325","30.037365643756984923","0.49758669334326599554","5.9391249210510537182","5.1617623170927995346","3.6070371091762920557","17.599563980424893117","2.0523119012597734745","9.0485753368840793343","0.49758669334326599554","7.493850128967560309","80.565934901043604555","0","13.518407822083711167"
"10/27/2021 10:26:43.045","0","0.15337706939948067553","44.196622107223753062","10327","41.896914850550572851","0.28254305432328097325","51.319036766677506023","0","16.771256407545422462","4.9936040123867435625","1.8528967070111090898","6.563957665074571679","12.845372275825861053","1.8528967070111090898","9.704664970450217254","8.1343113177623891374","12.976236755260405431"
"10/27/2021 10:26:45.055","0.19181434258238602708","1.8428585103298347203","44.199801758909551097","10324","58.021644562460906513","9.0468965519986284107","39.364597701332428414","0","18.375419982562878118","0.49575007398140469306","9.0468965519986284107","2.050503979075446459","9.0468965519986284107","2.050503979075446459","15.265912172374795475","2.8278809316224728931","13.775940509195084616"
"10/27/2021 10:26:47.045","0","0.22431815872580052051","44.201570550026737294","10328","14.417145143396293605","0.28419663496631608623","19.128127979539609527","0.28419663496631608623","60.741809698805639073","16.772636561467948013","20.698455591587382685","10.491326113276855381","10.491326113276855381","4.9951794711096457746","1.0693604409902079944","1.0693604409902079944","13.370261743713896863"
"10/27/2021 10:26:49.055","0","0.23005395173135745335","44.197106441528795528","10328","0","20.707507445533956059","70.45965963657148734","0.49569561792496275032","17.597997933594111686","0.49569561792496275032","20.707507445533956059","0","4.3825825078497748777","5.1599598858347306418","9.0468467757595423251","0","12.350698144588012184"
"10/27/2021 10:26:51.045","0","0.20748708224450060356","44.204118485610024436","10327","52.890668764568715687","0","18.343825858585780963","2.6407154467753546356","17.558670337995252453","12.062581693861606169","1.8555599261848243486","11.277426173271088317","8.136804090908999143","0.28524888500378597911","41.898491476301416014","7.3516485703184812905","14.483478719848264404"
"10/27/2021 10:26:53.055","0","0.057678146390648069031","44.204939725856519317","10329","66.572496673668013045","0","24.593771566181331423","4.3817928107247823277","6.7139442055851539237","2.0496414158644116199","11.378246995305897116","5.9365604072983639838","0","1.2722576175776212359","27.703306759328494735","0","12.47953988033613193"
"10/27/2021 10:26:55.045","0","0.13323653575559774032","44.2080351161323577","10328","19.911847001401561386","17.556313089678077688","45.822720030359874954","1.0675757076136882517","18.341491060252568701","0.28239773703919723857","34.045050471742463571","5.7786435310606565352","0.28239773703919723857","5.7786435310606565352","0.28239773703919723857","18.341491060252568701","13.957579887021809739"
"10/27/2021 10:26:57.045","0","0.16061226959141694515","44.213004630108599713","10326","40.626009357840921155","25.001274978325373155","30.469932011155808738","0.78293669007626354173","17.188907788567597379","0.0016999711004883621968","6.2515937229067120029","0.0016999711004883621968","1.5641734090520498235","6.2515937229067120029","14.063960912664486003","7.814067160858262362","12.501487474712924097"
"10/27/2021 10:26:59.055","0","0.10771568908787482188","44.22393332799522625","10325","33.147218506382245096","0","16.045344170805609707","0.49818568391776230087","57.245314161058416857","0","5.939691154328508027","0.49818568391776230087","2.052901532606543622","0","44.807587371548130761","5.939691154328508027","13.713270397772436837"
"10/27/2021 10:27:01.045","0","0.18526282401207608275","44.22593376231983342","10324","52.8890613526130835","1.0670288404874828103","9.704034259175086774","0.2818465296977046286","11.274398880754654684","0.2818465296977046286","4.9929403944363954793","0.2818465296977046286","5.7781227052261741051","19.12622198865247114","51.318696731033533354","0.2818465296977046286","13.106494289375337559"
"10/27/2021 10:27:03.055","0","0.11618640333005665621","44.225049355119708139","10327","11.378824591417203038","8.2693096648002608617","21.484748102922257118","1.2729010799121476261","85.229804098569530879","9.8240671281087266209","4.3824160065290884702","5.1597947381833204616","12.933582054725667021","0.49552234825791519057","4.3824160065290884702","4.3824160065290884702","14.099650152207022558"
"10/27/2021 10:27:05.045","0","0.20362337138614497456","44.226165382244197133","10326","33.259966406992965915","0","8.919483567190411577","0","73.30398656279719205","8.919483567190411577","12.060191030390743805","5.7787761039900793492","1.852891774989662288","0","5.7787761039900793492","0","12.191050491269461276"
"10/27/2021 10:27:07.055","0.080791133204225401565","0.82310040339347634308","44.300434166635490385","10310","41.697697380564299863","13.712592123235156194","24.595688612196486389","12.935228088309347783","38.588241240861052006","27.705144751899723587","24.595688612196486389","13.712592123235156194","22.263596507419059378","13.712592123235156194","30.037236856677150598","30.037236856677150598","24.466131256462077204"
"10/27/2021 10:27:09.045","0","1.6859652374975699907","44.319680459871811706","10304","48.964468013654638412","6.5657183634600269073","12.061852577374132522","1.8547461801050602048","63.097384563719508321","2.6399082106642213219","8.9212044551374987122","33.261227402471448045","12.847014607933292751","6.5657183634600269073","26.979931157998173319","33.261227402471448045","21.418365937364626461"
"10/27/2021 10:27:11.046","0","1.4599203245542167195","44.310941720453776327","10306","26.607225556745717654","1.6224512781910727099","78.138322506264685785","6.3070964554200692476","3.9647738668055709788","5.5263222592152327906","10.21096743644422844","3.9647738668055709788","3.9647738668055709788","68.769032151806698039","14.114838417468389409","26.607225556745717654","20.816484434385685631"
"10/27/2021 10:27:13.046","0","1.6271820567330002039","44.311657651400118141","10306","21.87610154696818654","2.345126933710239836","36.719642253044227687","35.938403268513916089","26.563535454150098758","43.750793113817096014","17.188667639786281427","29.688491392271366465","13.282472717134686135","18.751145608846918833","21.094862562437867837","2.345126933710239836","22.462028285401181904"
"10/27/2021 10:27:15.046","0.22538798277755414667","8.6523225617130723464","44.315469019188419963","10294","21.875699212492051515","13.282026125866174482","35.938073354243485369","10.938297102240934322","25.000671243992368176","34.375587338493318157","12.500783117991097981","33.594344330618241656","15.625755149491416418","6.2508390549904540023","12.500783117991097981","29.688129291242848495","20.96424736998603322"
"10/27/2021 10:27:17.056","0","1.4371583707120416662","44.327345291228816393","10296","42.4735645817262224","7.4912727733164929944","29.258032120771439111","33.144953432816961936","23.816342283907697919","2.0495829364527540228","9.8234255605438072223","27.703263595953220744","18.374652447043960279","42.4735645817262224","31.590184907998754227","2.0495829364527540228","22.520705163398712756"
"10/27/2021 10:27:19.046","0","2.4501082998531078516","44.327597959043366416","10295","13.631972657302116048","25.409430931306374646","55.245658558783830472","4.2100060380987125441","15.987464312102972031","17.557792081970202247","14.417136542235731156","56.815986328651057136","13.631972657302116048","33.261069780642550597","6.5654976928995694152","3.4248421531650974359","21.679899965347260604"
"10/27/2021 10:27:21.056","0","4.9540428221881827042","44.334799527268572206","10296","72.792162670205385666","11.380186982954699104","53.357993148923533511","1.2744188318881244371","18.376488010616164104","9.8254534212521509318","11.380186982954699104","19.931221572318712276","22.263321914872548746","21.485955134021260449","12.15755376380597319","14.489654106359795449","22.392884703396887858"
"10/27/2021 10:27:23.046","0","2.8482917621391301566","44.332441139112326312","10296","26.977604756891771842","16.770173163769108271","35.6146622587647812","5.7775545250216335802","58.385086581884550583","7.3479286162712824648","14.414612026894657149","41.110971578138524762","25.407230665642131839","2.6368063425223575713","5.7775545250216335802","30.903539985015871849","22.593642914620350126"
"10/27/2021 10:27:25.056","0","1.2031060937246036424","44.336463055651741172","10301","32.36931213788197681","2.0521072341738944012","80.565894292494817819","0","30.814583681281561667","3.6068356907743126527","12.157842202076585281","7.4936568322753416282","41.697682877484467667","44.807139790685290848","2.829471462474109078","3.6068356907743126527","21.810113874282322399"
"10/27/2021 10:27:27.046","0","0.86953559106993116856","44.344633245920910269","10300","14.416035579411667911","4.9939477532918497005","22.267775434511516863","29.334341304101375414","52.889560869400916943","10.490165651861749652","1.8532518112519102971","26.978819347571423748","40.326777101241162882","41.11195108675115506","9.7049916663517592497","6.5642957243118189581","21.744329460913856877"
"10/27/2021 10:27:29.056","0","0.50088281485425478756","44.253329174652073164","10309","25.372803889529659926","2.0518051050076757669","48.693802674051646306","2.0518051050076757669","35.478570029489183923","1.2744384788569429467","5.1612716096106066033","34.701203403338453768","5.1612716096106066033","35.478570029489183923","9.0481047403642715921","4.3839049834598746713","17.404793483911451091"
"10/27/2021 10:27:31.046","0","0.0012964500333835884179","44.262257438214092531","10377","30.906248220835898621","8.1367163845204473205","52.890623786933566919","4.9960913036493526107","12.84765400582709205","0.28515368234270921377","13.632810276044860842","1.0703099525604775621","37.187498382578084488","3.4257787632138048117","10.492185195173764356","3.4257787632138048117","14.941405734741197264"
"10/27/2021 10:27:33.056","0","0.046891837372441139142","44.261309864060329744","10378","25.371081104868210332","7.4912359529095473576","31.590157679462528506","0.49477480649094962573","19.929389102098184594","0.49477480649094962573","0.49477480649094962573","1.2721593783152296275","20.706773673922473478","34.699695966759676935","0.49477480649094962573","1.2721593783152296275","12.025977630130824991"
"10/27/2021 10:27:35.046","0","0.0064521841397072740923","44.259562120833336962","10378","28.549849504312462045","0.28385590162288698579","15.987185680894866024","0.28385590162288698579","8.1355207912588767272","0.28385590162288698579","74.089505864201214536","3.4245218574772806619","6.5651878133316738939","1.0690223905864826293","15.202019191931270825","1.0690223905864826293","12.91195110329835849"
"10/27/2021 10:27:37.046","0","0.0090198701138703603342","44.23067163308865446","10382","86.718941247246036141","0.78267872942630045685","14.844976232342254718","0","4.6888724802362835575","0","3.1263949799122947582","5.4701112303982775131","0.0014399792642949549304","11.720021231694266461","9.376304981208271272","0","11.134089669108760745"
"10/27/2021 10:27:39.056","0","0","44.234398762750068101","10383","75.123631818407289984","1.2719137793039236861","30.035214489270501304","1.2719137793039236861","18.374416904148915819","5.9362328133525599227","12.155324858750738315","0","2.0493002849786945418","5.1588463076777895111","12.155324858750738315","1.2719137793039236861","13.710097870100279138"
"10/27/2021 10:27:41.046","0","0.0047938506052236391081","44.234398762750068101","10383","49.749993655936698644","4.9960817557553216517","53.6757754015666535","0","10.492176199637249567","1.0703000101253801191","1.0703000101253801191","5.7812381048813143991","0.28514366099938737165","18.343739690897130856","0.28514366099938737165","0.28514366099938737165","12.062488897889222628"
"10/27/2021 10:27:43.056","0","0","44.237283580991736187","10382","23.816323332230481924","0","23.038938876436919401","0.49478965842348898718","93.003539897857905316","0.49478965842348898718","3.6043274815977577319","0","5.1590963931848925483","5.1590963931848925483","2.8269430258041849946","0","13.062506685506313886"
"10/27/2021 10:27:45.046","0.21112535921837941033","1.7672722678963981302","44.226986622490684908","10379","54.460940904044676358","3.4257884689223083718","51.320316138806362005","0.28516370368401044999","8.9218818080893385059","0","6.5664132341606062937","0.28516370368401044999","0.28516370368401044999","8.1367256167797599176","12.847662764637213684","0.28516370368401044999","12.193367613545769146"
"10/27/2021 10:27:47.056","0","0","44.230145203003232268","10380","33.144970063872357002","6.7139117170312072602","62.685564686812476509","0","25.371129373624967229","0.49483916483328282965","21.484209028501265237","2.0496073028827610507","2.8269913719075057124","0","0","0","12.738635764343920087"
"10/27/2021 10:27:49.046","0","0.024838710439278346293","44.22871331782749138","10380","4.210415183341387646","0.28461252692095762029","52.890368122954775743","1.0697730582050479775","48.179404935250261133","5.7807362459095674723","1.8549335894891272325","4.210415183341387646","0.28461252692095762029","7.3510573084777375286","15.987823152602697263","0.28461252692095762029","11.865732875874934749"
"10/27/2021 10:27:51.056","0","0.016243913631932119929","44.237262533101542772","10380","68.90521892815444005","0.49670057009419954497","38.587807383105023007","0","4.3835482040748940946","0","18.376199686405403355","2.0514396236864795853","14.489352052424708361","1.2740700968903451162","0","0","12.222025095130128136"
"10/27/2021 10:27:53.046","0","0","44.243179621231547571","10379","32.474752215632150865","1.8528375227211513199","68.59290800727076487","0.28248292308468148093","7.3490786214487568984","4.9935467219940683492","4.9935467219940683492","0.28248292308468148093","3.4231921223576100566","12.060142420358143767","12.060142420358143767","1.0676602229029108493","12.452731070267264002"
"10/27/2021 10:27:55.046","0","0.0054199322508468638152","44.249454663193191095","10379","53.906826164672949631","0","39.063261709228633833","0.0012499843751956341009","25.782177722778463647","11.719853501831224207","21.094736315796048132","0.0012499843751956341009","0.0012499843751956341009","3.1262109223634704236","0.0012499843751956341009","0","12.761505481181490751"
"10/27/2021 10:27:57.056","0","0.0044079654622473183473","44.246190796663562139","10380","45.584512140711005657","0.49739362872871506482","19.931496435617635399","0","2.8294859655553783462","0.49739362872871506482","55.690245600293252437","0","6.7163065269331685414","11.38049120058650665","0","0","11.833954428602300624"
"10/27/2021 10:27:59.046","0","0","44.24707520386368742","10380","39.541341837738187337","1.8528276586658787295","5.778714552319241804","0.28247290120453349971","76.444678638079807342","0.28247290120453349971","12.060133582164633381","0.28247290120453349971","0.28247290120453349971","3.4231824161272239593","0.28247290120453349971","0.28247290120453349971","11.732977178549386821"
"10/27/2021 10:28:01.046","0","0.0064098346262666432496","44.260404408970011048","10380","25.783164794348301996","4.6899589990578194332","5.4711888433278454968","0.78380977770773352375","96.093850778649908762","0.78380977770773352375","6.2524186875978600142","0.78380977770773352375","0.0025799334377185623168","8.5961082204079168889","3.1274993105177895103","0.0025799334377185623168","12.697562402890005373"
"10/27/2021 10:28:03.056","0","0","44.26941688737585423","10380","15.265102750065029369","5.9364902087877808867","21.484177777583191471","0.49479955970939126786","78.233237403686430866","0","12.155565236305942989","5.1591058303480092917","0.49479955970939126786","0","0","0","11.507746579359478645"
"10/27/2021 10:28:05.046","0.030180143194377711396","0.036476466774556737249","44.328608723433831074","10364","17.558612340532921081","19.914080559374834678","77.230473884528137773","0.28517873569219309715","9.7070516110598585868","21.484392705269439006","4.996115173376026064","17.558612340532921081","13.632831975796388946","24.625016997058668977","4.996115173376026064","8.1367394651652542592","18.343768413480219692"
"10/27/2021 10:28:07.056","0","0.0060746981904862161136","44.342359072608488191","10364","12.934301119157421311","7.4926949391047603655","33.923353527931965345","2.0510887590520998636","3.6058333819242838203","13.711673430593517509","5.1605780047964788793","0","59.57663980532308301","0","1.2737164476160023341","4.3832056933603809057","11.962583242270907746"
"10/27/2021 10:28:09.046","0.0042513325490311556359","0.024121035739183865898","44.327218934038469911","10367","75.659111070485025152","0.28087438553545673869","7.3475840747494807204","0.28087438553545673869","7.3475840747494807204","2.6364442819401312512","0.28087438553545673869","15.984673694899953489","20.695813487709301626","7.3475840747494807204","6.5623941092812554388","14.414293763963502926","13.236508815761172997"
"10/27/2021 10:28:11.048","0","0.018338396379690750926","44.331640946756031951","10367","66.427493003801842519","0.84399096471707846234","2.4055029180286124912","0.84399096471707846234","5.5285268246517027535","0.063234988061300345663","5.5285268246517027535","37.5395218675383191","15.678354521176729008","4.747770847995935739","0.063234988061300345663","1.6247469413728454768","11.77457463789787262"
"10/27/2021 10:28:13.058","0","0.010099519571326638287","44.390327400618772913","10355","29.259830588768164006","2.8294376219342831646","86.007439017558539263","1.2747086238852345375","6.7162601170569153908","0.49734412486071022386","9.8257181131550126452","0","0.49734412486071022386","24.595643594621009242","2.8294376219342831646","5.9388956180323919654","14.166004061897419675"
"10/27/2021 10:28:15.048","0","0.01435151719807731957","44.462258844744006581","10348","45.823776333413476891","4.9953179180149520633","41.897963024240546304","0","16.772757845533760701","1.0695046088420090413","22.268896478375864945","0.28434194700742709827","11.27661921269164047","3.4249925943457770749","2.6398299325111840297","6.5656432416841266075","12.977806655013601755"
"10/27/2021 10:28:17.058","0.19475489664656894795","1.8487361678375759944","44.452888365940395943","10341","30.036001172758318489","0.49564611236737610156","34.700267761241100573","1.2730238771145097054","51.802578585677949263","0.49564611236737610156","25.371734584275539959","1.2730238771145097054","5.9372904655972895682","15.265823642562848406","0.49564611236737610156","2.8277794066087658109","14.164539305040701578"
"10/27/2021 10:28:19.048","0","0.018155809002095329302","44.457205092640869282","10341","57.600432201721737613","1.0676751373507320508","36.400648302582617077","0","8.9194469518466981128","0","30.90440803243542689","0","0.28249795590112869448","1.0676751373507320508","3.4232066816995199154","1.0676751373507320508","11.536702548300702631"
"10/27/2021 10:28:21.063","0.027361900050030352888","0.056296551199944588895","44.599973001657048144","10330","75.968412807373610462","1.5480137592402853919","18.602688541104171804","0","25.57960095186667715","0","5.4240762096638972523","0.77280126915556524025","0.77280126915556524025","0.77280126915556524025","5.4240762096638972523","22.478750991527785885","13.111599242777405294"
"10/27/2021 10:28:23.051","0.0083316898035411691287","0.0076726008154591081312","44.831855000190401483","10271","19.028905328658996865","7.2369983376870061775","4.8786169394926082177","0.16185414310381229797","20.601159594121931207","0.94798127583528568607","4.0924898067611454877","2.5202355412982102578","11.167634001344339367","0","0","5.6647440722240816058","6.2543419373795039462"
"10/27/2021 10:28:25.040","0","0.019565016202718905208","44.834571388744414833","10272","3.3876785339147175158","0","7.3150086748124838465","0.24581442119648855282","3.3876785339147175158","0","5.7440766184533753602","0","2.6022125057351574995","10.456872787530713254","14.384202928428491575","2.6022125057351574995","3.9113192013793596225"
"10/27/2021 10:28:27.041","0","0","44.832886812471059557","10271","20.361095659428617211","0.84175636026896372144","7.0879449360000563729","0.84175636026896372144","9.4302656518992051815","0.060982788302577084494","4.7456242201008969062","0.84175636026896372144","5.5263977920672839872","3.9648506481345102692","0.84175636026896372144","0.84175636026896372144","4.6154986227403993482"
"10/27/2021 10:28:29.047","0","0","44.833813315451564563","10270","14.288969969099152735","3.3802934197117662229","13.509778787000048084","0.26352869131537337566","19.743308243792835555","0.26352869131537337566","1.8219110555135697993","4.9386757839099626466","1.0427198734144660364","0","0","8.0554405123063546057","5.5230666770725083126"
