"(PDH-CSV 4.0) (W. Europe Daylight Time)(-120)","\\LAPTOP-M8MF5JT2\LogicalDisk(_Total)\Disk Read Bytes/sec","\\LAPTOP-M8MF5JT2\LogicalDisk(_Total)\Disk Write Bytes/sec","\\LAPTOP-M8MF5JT2\Memory\% Committed Bytes In Use","\\LAPTOP-M8MF5JT2\Processor(_Total)\% Processor Time","\\LAPTOP-M8MF5JT2\Processor Performance(PPM_Processor_0)\% of Maximum Frequency","\\LAPTOP-M8MF5JT2\Processor Performance(PPM_Processor_1)\% of Maximum Frequency","\\LAPTOP-M8MF5JT2\Processor Performance(PPM_Processor_10)\% of Maximum Frequency","\\LAPTOP-M8MF5JT2\Processor Performance(PPM_Processor_11)\% of Maximum Frequency","\\LAPTOP-M8MF5JT2\Processor Performance(PPM_Processor_2)\% of Maximum Frequency","\\LAPTOP-M8MF5JT2\Processor Performance(PPM_Processor_3)\% of Maximum Frequency","\\LAPTOP-M8MF5JT2\Processor Performance(PPM_Processor_4)\% of Maximum Frequency","\\LAPTOP-M8MF5JT2\Processor Performance(PPM_Processor_5)\% of Maximum Frequency","\\LAPTOP-M8MF5JT2\Processor Performance(PPM_Processor_6)\% of Maximum Frequency","\\LAPTOP-M8MF5JT2\Processor Performance(PPM_Processor_7)\% of Maximum Frequency","\\LAPTOP-M8MF5JT2\Processor Performance(PPM_Processor_8)\% of Maximum Frequency","\\LAPTOP-M8MF5JT2\Processor Performance(PPM_Processor_9)\% of Maximum Frequency"
"10/27/2021 00:12:52.200"," "," ","40.760684535084450886"," ","100","100","100","96","100","100","100","94","80","100","92","93"
"10/27/2021 00:12:54.203","0","0","40.78747973330027321","1.8430617979379171345","100","100","100","100","100","100","100","100","100","100","100","100"
"10/27/2021 00:12:56.198","0","12317.600425582717435","40.792763056418102963","3.86929398813412595","34","46","38","34","51","39","34","47","37","34","34","34"
"10/27/2021 00:12:58.205","0","89788.147619757684879","40.781547278347787255","2.0494166394242063767","59","36","61","44","59","61","46","60","43","60","35","63"
"10/27/2021 00:13:00.193","10303.283799424445533","263764.06526526581729","40.818296033148257607","2.1287329186102987855","34","36","34","40","35","38","34","35","39","36","100","38"
"10/27/2021 00:13:02.197","0","298345.80656503856881","40.900665135332538114","9.9045052097545998038","100","100","100","100","100","100","100","100","100","100","100","100"
"10/27/2021 00:13:04.208","0","26483.299526276798133","41.043747226019334562","9.0730125120011209106","100","100","100","100","100","100","100","100","100","100","100","100"
"10/27/2021 00:13:06.196","0","0","41.170672825810186168","8.9683732909715203618","100","100","100","100","100","100","100","100","100","100","100","100"
"10/27/2021 00:13:08.197","0","4095.1205728569789244","41.307894592477914841","8.8117663107769352848","100","100","100","100","100","100","100","100","100","100","100","100"
"10/27/2021 00:13:10.200","0","0","41.443367265500910435","9.3423836911087470014","100","100","100","100","100","100","100","100","100","100","100","100"
"10/27/2021 00:13:12.215","0","95553.315252629443421","41.541207614713634655","8.7415841020466835687","100","100","100","100","100","100","100","100","100","100","100","100"
"10/27/2021 00:13:14.209","0","27746274.680019225925","40.948791927878929187","8.1990246696832294049","100","100","100","100","100","100","100","100","100","100","100","100"
"10/27/2021 00:13:16.194","0","0","41.051050075574558207","8.7545229838917659748","100","100","100","100","100","100","100","100","100","100","100","100"
"10/27/2021 00:13:18.197","0","67475.270349359037937","41.176803629188050593","8.8699594379844093339","100","100","100","100","100","100","100","100","100","100","100","100"
"10/27/2021 00:13:20.211","0","0","41.311915670827012548","8.4319305196139726633","100","100","100","100","100","100","100","100","100","100","100","100"
"10/27/2021 00:13:22.197","0","22690.317454945699865","41.449588220904018954","8.5939146883211243733","100","100","100","100","100","100","100","100","100","100","100","100"
"10/27/2021 00:13:24.201","0","576260.44749945984222","41.548221987101300101","8.8584504364666578624","100","100","100","100","100","100","100","100","100","100","100","100"
"10/27/2021 00:13:26.202","0","27036569.866362933069","40.934997620278736008","7.8397241454874251332","100","100","100","100","100","100","100","100","100","100","100","100"
"10/27/2021 00:13:28.196","0","16425.880245568110695","41.037327922190847573","9.079178870342442309","100","100","100","100","100","100","100","100","100","100","100","100"
"10/27/2021 00:13:30.200","0","0","41.15247878738503573","9.1947094414548065089","100","100","100","100","100","100","100","100","100","100","100","100"
"10/27/2021 00:13:32.211","0","0","41.29339704320146609","8.3226295600759119253","100","100","100","100","100","100","100","100","100","100","100","100"
"10/27/2021 00:13:34.208","0","41016.284596537596371","41.429248391983392708","8.6652511812387302825","100","100","100","100","100","100","100","100","100","100","100","100"
"10/27/2021 00:13:36.204","0","174448.56620825649588","41.56198022923478419","8.4618832804428620875","100","100","100","100","100","100","100","100","100","100","100","100"
"10/27/2021 00:13:38.196","2056.1589414877703348","27807493.524680610746","41.030620094628680761","9.1468442698803276159","100","100","100","100","100","100","100","100","100","100","100","100"
"10/27/2021 00:13:40.197","0","0","41.080784481270420372","9.1756049110602528884","100","100","100","100","100","100","100","100","100","100","100","100"
"10/27/2021 00:13:42.211","0","0","41.205311855581896907","8.638687701747505443","100","100","100","100","100","100","100","100","100","100","100","100"
"10/27/2021 00:13:44.207","0","4104.9448801410708256","41.304865256255695272","8.7890924469288691512","100","100","100","100","100","100","100","100","100","100","100","100"
"10/27/2021 00:13:46.197","0","0","41.435469347386501227","8.9364104335712077898","100","100","100","100","100","100","100","100","100","100","100","100"
"10/27/2021 00:13:48.208","0","48877.783415592675738","41.571627217710862112","8.3917835970266132506","100","100","100","100","100","100","100","100","100","100","100","100"
"10/27/2021 00:13:50.199","0","27696308.183066919446","40.999136618571149882","9.1335376320126790972","100","100","100","100","100","100","100","100","100","100","100","100"
"10/27/2021 00:13:52.200","0","51162.912005087513535","41.046704431308135952","8.9221687088419816547","100","100","100","100","100","100","100","100","100","100","100","100"
"10/27/2021 00:13:54.209","0","53008.578802551455738","41.16865327608972791","8.4849796819859264474","100","100","100","100","100","100","100","100","100","100","100","100"
"10/27/2021 00:13:56.208","0","0","41.283263182566329874","8.7832987447948323023","100","100","100","100","100","100","100","100","100","100","100","100"
"10/27/2021 00:13:58.204","0","2051.7240843855679486","41.408602018237253617","8.4934248380935439826","100","100","100","100","100","100","100","100","100","100","100","100"
"10/27/2021 00:14:00.189","0","10316.394968017160863","41.54423697421891859","8.8286180574662651566","100","100","100","100","100","100","100","100","100","100","100","100"
"10/27/2021 00:14:02.197","0","27388169.506933458149","41.003211806761846958","9.013968929964788046","100","100","100","100","100","100","100","100","100","100","100","100"
"10/27/2021 00:14:04.203","0","53085.857212024457112","41.026003971003461857","8.4160140310102669048","100","100","100","100","100","100","100","100","100","100","100","100"
"10/27/2021 00:14:06.195","0","0","41.148421620286171674","8.951468799650141861","100","100","100","100","100","100","100","100","100","100","100","100"
"10/27/2021 00:14:08.198","0","61366.620863102951262","41.270911423785356931","9.2902148731770388679","100","100","100","100","100","100","100","100","100","100","100","100"
"10/27/2021 00:14:10.201","0","0","41.38395258723384984","9.0478994605828422237","100","100","100","100","100","100","100","100","100","100","100","100"
"10/27/2021 00:14:12.212","0","0","41.521336613577169317","8.345680671827771846","100","100","100","100","100","100","100","100","100","100","100","100"
"10/27/2021 00:14:14.211","0","27613981.731752771884","41.313700806655383246","8.1051951757167621793","100","100","100","100","100","100","100","100","100","100","100","100"
"10/27/2021 00:14:16.198","0","0","41.005736249733189425","8.97319234715889813","100","100","100","100","100","100","100","100","100","100","100","100"
"10/27/2021 00:14:18.207","0","0","41.111420453784852214","8.3554723702181536993","100","100","100","100","100","100","100","100","100","100","100","100"
"10/27/2021 00:14:20.199","0","12341.911319932161859","41.231998880680649222","9.2424894337544962752","100","100","100","100","100","100","100","100","100","100","100","100"
"10/27/2021 00:14:22.206","0","0","41.351423282490905819","8.5958681107569887558","100","100","100","100","100","100","100","100","100","100","100","100"
"10/27/2021 00:14:24.202","0","6156.3110830884061215","41.493621780884829775","8.475563587418344369","100","100","100","100","100","100","100","100","100","100","100","100"
"10/27/2021 00:14:26.186","0","10321.203617642344398","41.560645876815691224","8.3917547210386249645","100","100","100","100","100","100","100","100","100","100","100","100"
"10/27/2021 00:14:28.195","0","27414273.74056372419","40.999280880437993346","8.8611287688025406339","100","100","100","100","100","100","100","100","100","100","100","100"
"10/27/2021 00:14:30.206","0","0","41.082623703657326075","8.7920237265420304595","100","100","100","100","100","100","100","100","100","100","100","100"
"10/27/2021 00:14:32.201","0","14373.235303376928641","41.215427671842142843","9.3323800316791327703","100","100","100","100","100","100","100","100","100","100","100","100"
"10/27/2021 00:14:34.217","0","0","41.321472507277846375","8.7169292782874769898","100","100","100","100","100","100","100","100","100","100","100","100"
"10/27/2021 00:14:36.207","0","0","41.458604098637266588","8.4972869381727775817","100","100","100","100","100","100","100","100","100","100","100","100"
"10/27/2021 00:14:38.202","0","2054.5560884783344591","41.555001922313820728","8.070536241954872736","100","100","100","100","100","100","100","100","100","100","100","100"
"10/27/2021 00:14:40.197","2053.1025758317146028","27638866.875846542418","41.024146680958601507","9.3471862294665868376","100","100","100","100","100","100","100","100","100","100","100","100"
"10/27/2021 00:14:42.207","0","169146.53015721213887","41.096814708108269087","9.301796911522874467","100","100","100","100","100","100","100","100","100","100","100","100"
"10/27/2021 00:14:44.195","0","234846.37972575001186","41.204680744839059514","9.5602778750990431433","100","100","100","100","100","100","100","100","100","100","100","100"
"10/27/2021 00:14:46.195","16378.630266067271805","10236.643916292045105","41.304089883646014414","8.754494870566819742","100","100","100","100","100","100","100","100","100","100","100","100"
"10/27/2021 00:14:48.206","0","2037.4496780769816269","41.46386937738020606","8.9326420674463733462","100","100","100","100","100","100","100","100","100","100","100","100"
"10/27/2021 00:14:50.197","0","0","41.596871693990394192","9.3466660846434841403","100","100","100","100","100","100","100","100","100","100","100","100"
"10/27/2021 00:14:52.211","0","27414867.372102342546","41.024994184501700545","8.5275347338324429813","100","100","100","100","100","100","100","100","100","100","100","100"
"10/27/2021 00:14:54.203","0","67838.142031492578099","41.054404000997173796","8.8383076946549454789","100","100","100","100","100","100","100","100","100","100","100","100"
"10/27/2021 00:14:56.198","0","10268.38438152663548","41.2001006866805497","9.1228112573797925933","100","100","100","100","100","100","100","100","100","100","100","100"
"10/27/2021 00:14:58.208","0","171180.29245489067398","41.322067552553967573","8.463419598461596749","100","100","100","100","100","100","100","100","100","100","100","100"
"10/27/2021 00:15:00.196","0","74147.608732578533818","41.456584548916801225","8.9903959728999005563","100","100","100","100","100","100","100","100","100","100","100","100"
"10/27/2021 00:15:02.206","0","197668.41892876903876","41.591426087913902165","8.5315378691242056419","100","100","100","100","100","100","100","100","100","100","100","100"
"10/27/2021 00:15:04.194","0","27619150.641033705324","41.033865800368104715","8.8060867723291806897","61","85","60","100","71","72","58","81","88","100","100","100"
"10/27/2021 00:15:06.199","0","0","41.048904308362146764","8.8811849088224708026","100","100","100","100","100","100","100","100","100","100","100","100"
"10/27/2021 00:15:08.203","0","73588.476249031838961","41.146582397899258865","8.2445439926888788307","100","100","100","100","100","100","100","100","100","100","100","100"
"10/27/2021 00:15:10.199","0","0","41.274517784191885994","9.353403677468474342","100","100","100","100","100","100","100","100","100","100","100","100"
"10/27/2021 00:15:12.207","0","0","41.402958063735383121","8.0913310256025443579","100","100","100","100","100","100","100","100","100","100","100","100"
"10/27/2021 00:15:14.195","0","53574.143312241940293","41.547789224783841178","9.27979526868720761","100","100","100","100","100","100","100","100","100","100","100","100"
"10/27/2021 00:15:16.202","0","27493229.372147161514","41.041781762857404203","8.0130158042788774964","100","100","100","100","100","100","100","100","100","100","100","100"
"10/27/2021 00:15:18.188","0","51555.633336537095602","41.045550406222588435","9.4672931705086611487","100","100","100","100","100","100","100","100","100","100","100","100"
"10/27/2021 00:15:20.190","0","0","41.144436607403783057","8.2789278800535335279","100","100","100","100","100","100","100","100","100","100","100","100"
"10/27/2021 00:15:22.194","0","0","41.270388509442653913","8.7273000314814765943","100","100","100","100","100","100","100","100","100","100","100","100"
"10/27/2021 00:15:24.194","0","45043.597245498458506","41.368769840656028691","8.6823464663715270717","100","100","100","100","100","100","100","100","100","100","100","100"
"10/27/2021 00:15:26.209","0","0","41.517135207894526161","8.911926642399825127","100","100","100","100","100","100","100","100","100","100","100","100"
"10/27/2021 00:15:28.207","0","51250.40733813742554","41.588865579475850609","8.5680031679476691409","100","100","100","100","100","100","100","100","100","100","100","100"
"10/27/2021 00:15:30.204","0","27560068.636137150228","41.043224288393567178","8.6655442820870902665","100","100","100","100","100","100","100","100","100","100","100","100"
"10/27/2021 00:15:32.197","0","2055.6520620182600396","41.124367257841946355","8.9744841793038983013","100","100","100","100","100","100","100","100","100","100","100","100"
"10/27/2021 00:15:34.205","0","50989.677777104996494","41.264275750439679769","7.8652209086039093222","100","100","100","100","100","100","100","100","100","100","100","100"
"10/27/2021 00:15:36.197","0","2055.7537893549997534","41.38974078031949233","9.3594987099714579415","100","100","100","100","100","100","100","100","100","100","100","100"
"10/27/2021 00:15:38.199","0","14322.672037535470736","41.49068261997091156","8.8077611079298669949","100","100","100","100","100","100","100","100","100","100","100","100"
"10/27/2021 00:15:40.211","0","0","41.586124766987310863","8.5053649822369852274","100","100","100","100","100","100","100","100","100","100","100","100"
"10/27/2021 00:15:42.205","59589.790432403227896","29755853.629366591573","41.043675095085916382","8.224819086066325724","100","100","100","100","100","100","100","100","100","100","100","100"
"10/27/2021 00:15:44.198","0","57538.283768974317354","41.097121252933774826","9.2621369958790999988","100","100","100","100","100","100","100","100","100","100","100","100"
"10/27/2021 00:15:46.209","0","134441.79249158781022","41.239427971010897522","8.5010810968608740978","100","100","100","100","100","100","100","100","100","100","100","100"
"10/27/2021 00:15:48.198","0","47360.85687115501787","41.341163204363816419","9.1450937848835742727","100","100","100","100","100","100","100","100","100","100","100","100"
"10/27/2021 00:15:50.203","0","0","41.4448458565037825","8.5913678572441813941","100","100","100","100","100","100","100","100","100","100","100","100"
"10/27/2021 00:15:52.195","0","0","41.576513820694877666","9.138761625636194097","100","100","100","100","100","100","100","100","100","100","100","100"
"10/27/2021 00:15:54.196","0","27539730.862342849374","41.031431532705070708","8.6705177748801496307","100","100","100","100","100","100","100","100","100","100","100","100"
"10/27/2021 00:15:56.210","0","79308.910699479238247","41.064718165682798201","9.0446730502118928285","100","100","100","100","100","100","100","100","100","100","100","100"
"10/27/2021 00:15:58.197","0","0","41.179995248368939542","8.9712772844256161164","100","100","100","100","100","100","100","100","100","100","100","100"
"10/27/2021 00:16:00.206","0","16308.018495626103686","41.311915670827012548","8.2390188047427379558","100","100","100","100","100","100","100","100","100","100","100","100"
"10/27/2021 00:16:02.193","0","26802.202483874785685","41.388857211309684203","8.9666867548685242895","100","100","100","100","100","100","100","100","100","100","100","100"
"10/27/2021 00:16:04.204","0","18328.734079323683545","41.522779162396396657","9.0416455710614958008","100","100","100","100","100","100","100","100","100","100","100","100"
"10/27/2021 00:16:06.199","0","27651291.368160683662","41.003247872228563153","8.8095762331541820345","100","100","100","100","100","100","100","100","100","100","100","100"
"10/27/2021 00:16:08.213","0","0","41.02063049586038801","8.5872698720417481866","100","100","100","100","100","100","100","100","100","100","100","100"
"10/27/2021 00:16:10.208","0","0","41.147303660667340353","8.745868639569810199","100","100","100","100","100","100","100","100","100","100","100","100"
"10/27/2021 00:16:12.201","0","20545.892732582666213","41.270226226483991638","8.7568678373108674862","100","100","100","100","100","100","100","100","100","100","100","100"
"10/27/2021 00:16:14.198","0","0","41.368625578789185226","9.22006133969152053","100","100","100","100","100","100","100","100","100","100","100","100"
"10/27/2021 00:16:16.212","0","38646.809458178919158","41.504801493488443498","8.2471102890217533599","100","100","100","100","100","100","100","100","100","100","100","100"
"10/27/2021 00:16:18.202","0","1592874.8946391684003","41.562629361069440392","8.6689667556977276774","100","100","100","100","100","100","100","100","100","100","100","100"
"10/27/2021 00:16:20.195","0","26089297.61594574526","41.018592901765039471","8.6188132269495518756","100","100","100","100","100","100","100","100","100","100","100","100"
"10/27/2021 00:16:22.206","0","93723.729489726596512","41.126711373479736267","8.8094318373205364736","100","100","100","100","100","100","100","100","100","100","100","100"
"10/27/2021 00:16:24.196","0","0","41.257585943969338871","9.2034002385048214734","100","100","100","100","100","100","100","100","100","100","100","100"
"10/27/2021 00:16:26.203","0","40820.359672613943985","41.366371615176639409","8.3879509337266515701","100","100","100","100","100","100","100","100","100","100","100","100"
"10/27/2021 00:16:28.188","0","0","41.483668247583246114","8.964088880632449019","100","100","100","100","100","100","100","100","100","100","100","100"
"10/27/2021 00:16:30.199","0","0","41.573304180422169907","9.2557942108456465746","100","100","100","100","100","100","100","100","100","100","100","100"
"10/27/2021 00:16:32.202","0","27496956.181290689856","41.00110208173308024","8.3515496653170160357","100","100","100","100","100","100","100","100","100","100","100","100"
"10/27/2021 00:16:34.198","0","0","41.045279926863798892","9.0678952299856554475","100","100","100","100","100","100","100","100","100","100","100","100"
"10/27/2021 00:16:36.201","0","53177.231740000403079","41.179003506242068511","9.0414727813182942384","100","100","100","100","100","100","100","100","100","100","100","100"
"10/27/2021 00:16:38.212","0","0","41.313646720096855347","8.6448583260073093015","100","100","100","100","100","100","100","100","100","100","100","100"
"10/27/2021 00:16:40.210","0","0","41.440319884903800585","8.196237489439218038","100","100","100","100","100","100","100","100","100","100","100","100"
"10/27/2021 00:16:42.208","0","0","41.558482065228389501","8.7969712986629371443","100","100","100","100","100","100","100","100","100","100","100","100"
"10/27/2021 00:16:44.205","2050.3560641533185844","27540382.653707373887","40.987596297866566886","8.3571889356192308185","100","100","100","100","100","100","100","100","100","100","100","100"
"10/27/2021 00:16:46.204","0","0","41.005754294108079705","8.9871630611898396523","100","100","100","100","100","100","100","100","100","100","100","100"
"10/27/2021 00:16:48.193","0","0","41.138954959143639201","8.8644449502782052264","100","100","100","100","100","100","100","100","100","100","100","100"
"10/27/2021 00:16:50.201","0","12233.924219859587538","41.276302920020256693","8.2843090599047606304","100","100","100","100","100","100","100","100","100","100","100","100"
"10/27/2021 00:16:52.197","0","38980.627343469546759","41.407231600351451561","9.5103877512234813452","100","100","100","100","100","100","100","100","100","100","100","100"
"10/27/2021 00:16:54.213","0","50827.212889781192644","41.543353405209110463","8.6429526323681606925","100","100","100","100","100","100","100","100","100","100","100","100"
"10/27/2021 00:16:56.210","0","27570695.852768912911","40.993600883752478126","7.9734665266019693064","100","100","100","100","100","100","100","100","100","100","100","100"
"10/27/2021 00:16:58.210","0","0","41.002905261936341219","8.5524614363385094151","100","100","100","100","100","100","100","100","100","100","100","100"
"10/27/2021 00:17:00.201","0","22630.24002991917223","41.124511496425725454","9.3582446949570190498","100","100","100","100","100","100","100","100","100","100","100","100"
"10/27/2021 00:17:02.208","0","0","41.246694755099412077","8.0755198357223783034","100","100","100","100","100","100","100","100","100","100","100","100"
"10/27/2021 00:17:04.197","0","41179.755766648719145","41.374053140490794078","9.2161199118194865321","100","100","100","100","100","100","100","100","100","100","100","100"
"10/27/2021 00:17:06.200","0","0","41.50399005541205355","8.8706186263826971583","100","100","100","100","100","100","100","100","100","100","100","100"
"10/27/2021 00:17:08.211","0","533735.27406408509705","41.551846368599647974","8.3000867785809280264","100","100","100","100","100","100","100","100","100","100","100","100"
"10/27/2021 00:17:10.204","16951.900587376934709","28245462.236270327121","41.261931611518825491","11.690180531279581899","100","100","100","100","100","100","100","100","100","100","100","100"
"10/27/2021 00:17:12.193","0","0","41.285463059620340687","9.4014609519766487722","100","100","100","100","100","100","100","100","100","100","100","100"
"10/27/2021 00:17:14.197","0","10223.32830736276992","41.423929003398853865","9.0658926080534047998","100","100","100","100","100","100","100","100","100","100","100","100"
"10/27/2021 00:17:16.208","0","0","41.547212200599538789","8.5466031150776782255","100","100","100","100","100","100","100","100","100","100","100","100"
"10/27/2021 00:17:18.196","0","0","41.656142110390618427","8.8576369432953665495","100","100","100","100","100","100","100","100","100","100","100","100"
"10/27/2021 00:17:20.201","0","69448.392340330639854","41.756921667083382488","8.8998876771837043265","100","100","100","100","100","100","100","100","100","100","100","100"
"10/27/2021 00:17:22.207","0","27444547.463379956782","41.271055685652200395","8.2327079961904363614","100","100","100","100","100","100","100","100","100","100","100","100"
"10/27/2021 00:17:24.193","0","237162.91048796882387","41.264978968832870976","8.6138467205278743677","100","100","100","100","100","100","100","100","100","100","100","100"
"10/27/2021 00:17:26.198","0","59257.958497877800255","41.374594099208380271","9.057875359195399767","100","100","100","100","100","100","100","100","100","100","100","100"
"10/27/2021 00:17:28.207","0","0","41.49084490292958094","8.9518368622641943944","100","100","100","100","100","100","100","100","100","100","100","100"
"10/27/2021 00:17:30.199","0","2056.9443138069423185","41.604787633196629315","8.6508001195015449269","100","100","100","100","100","100","100","100","100","100","100","100"
"10/27/2021 00:17:32.209","0","0","41.732939412289518089","8.6904849709915854561","100","100","100","100","100","100","100","100","100","100","100","100"
"10/27/2021 00:17:34.196","0","27739139.699668589979","41.264888816807626881","8.1890806419954387252","100","100","100","100","100","100","100","100","100","100","100","100"
"10/27/2021 00:17:36.209","0","50882.574149426218355","41.2681886323886431","8.642751271084181397","100","100","100","100","100","100","100","100","100","100","100","100"
"10/27/2021 00:17:38.197","0","0","41.333661983100149939","9.2305435929532784201","100","100","100","100","100","100","100","100","100","100","100","100"
"10/27/2021 00:17:40.206","0","44845.888045330022578","41.463851333005322886","8.3671533457027038594","100","100","100","100","100","100","100","100","100","100","100","100"
"10/27/2021 00:17:42.198","0","28790.961373298330727","41.551738172199513599","9.2647888831510094576","100","100","100","100","100","100","100","100","100","100","100","100"
"10/27/2021 00:17:44.211","0","437365.3999091834994","41.69391867278468311","8.6900288743541160841","100","100","100","100","100","100","100","100","100","100","100","100"
"10/27/2021 00:17:46.208","2051.3776959452588926","27677187.873693428934","41.263320050496446356","7.9843861303024565856","100","100","100","100","100","100","100","100","100","100","100","100"
"10/27/2021 00:17:48.195","0","0","41.2755275706936402","9.115464893706748839","100","100","100","100","100","100","100","100","100","100","100","100"
"10/27/2021 00:17:50.209","0","16269.654428230232952","41.30073598150646319","8.6512659154548305906","100","100","100","100","100","100","100","100","100","100","100","100"
"10/27/2021 00:17:52.196","0","0","41.43718235228144664","9.0843757227103800744","100","100","100","100","100","100","100","100","100","100","100","100"
"10/27/2021 00:17:54.209","0","0","41.556426426758157788","8.8160317203866629399","100","100","100","100","100","100","100","100","100","100","100","100"
"10/27/2021 00:17:56.197","0","80369.503299323478132","41.675165631267049093","9.2694526882198697848","100","100","100","100","100","100","100","100","100","100","100","100"
"10/27/2021 00:17:58.200","0","556033.2047215749044","41.749222097394337538","9.0208569858305605038","100","100","100","100","100","100","100","100","100","100","100","100"
"10/27/2021 00:18:00.206","0","27124435.003816075623","41.267665718045940082","8.3469168919515048799","100","100","100","100","100","100","100","100","100","100","100","100"
"10/27/2021 00:18:02.193","0","0","41.258379360953902903","8.8461419029466910047","100","100","100","100","100","100","100","100","100","100","100","100"
"10/27/2021 00:18:04.196","0","0","41.387378620306812138","9.0475947485692422845","100","100","100","100","100","100","100","100","100","100","100","100"
"10/27/2021 00:18:06.197","0","4095.007984315799149","41.52178742026951852","8.4201989397219794142","100","100","100","100","100","100","100","100","100","100","100","100"
"10/27/2021 00:18:08.200","0","0","41.621196559076480526","9.0004290603926779823","100","100","100","100","100","100","100","100","100","100","100","100"
"10/27/2021 00:18:10.215","508.25537767940915046","55399.836167055596889","41.722084288886300385","8.809786387111383732","100","100","100","100","100","100","100","100","100","100","100","100"
"10/27/2021 00:18:12.210","0","27654442.165018040687","41.183150825366183767","15.620199083135609897","100","100","100","100","100","100","100","100","100","100","100","100"
"10/27/2021 00:18:14.197","22672.082216087346751","711078.94223183044232","41.202643150743710976","9.7115982605449744369","100","100","100","100","100","100","100","100","100","100","100","100"
"10/27/2021 00:18:16.213","0","663008.42454131389968","41.289484161252495653","9.039547405917824463","100","100","100","100","100","100","100","100","100","100","100","100"
"10/27/2021 00:18:18.207","0","16431.611415657440375","41.431304007170560055","9.3059186139433656137","100","100","100","100","100","100","100","100","100","100","100","100"
"10/27/2021 00:18:20.200","0","18491.368387344406074","41.540468330853727252","8.8237281339336508523","100","100","100","100","100","100","100","100","100","100","100","100"
"10/27/2021 00:18:22.206","0","55148.068064819526626","41.862335368493184262","10.00772671320978624","100","100","100","100","100","100","100","100","100","100","100","100"
"10/27/2021 00:18:24.194","0","27750762.631180282682","41.57222226298698331","9.3121040607023424229","100","100","100","100","100","100","100","100","100","100","100","100"
"10/27/2021 00:18:26.207","0","52926.366470955996192","41.411072351366996713","11.799858978342426141","100","100","100","100","100","100","100","100","100","100","100","100"
"10/27/2021 00:18:28.204","0","0","41.281748526096748719","9.956097154512333347","100","100","100","100","100","100","100","100","100","100","100","100"
"10/27/2021 00:18:30.196","0","193271.74155245561269","41.42236023708767334","9.1492066236149689473","100","100","100","100","100","100","100","100","100","100","100","100"
"10/27/2021 00:18:32.207","0","52954.331165654621145","41.536266925171076991","9.0978840448755260439","100","100","100","100","100","100","100","100","100","100","100","100"
"10/27/2021 00:18:34.196","0","12357.118305530151702","41.657999377152414411","8.9297193798344327575","100","100","100","100","100","100","100","100","100","100","100","100"
"10/27/2021 00:18:36.212","0","14221.343969581243073","41.719469670606649458","8.6788135554549015183","100","100","100","100","100","100","100","100","100","100","100","100"
"10/27/2021 00:18:38.199","0","27716754.535412125289","41.24151965166477396","8.9892019533926124097","100","100","100","100","100","100","100","100","100","100","100","100"
"10/27/2021 00:18:40.210","0","50917.005827461260196","41.253835344979030708","8.3203593692739108434","100","100","100","100","100","100","100","100","100","100","100","100"
"10/27/2021 00:18:42.198","0","0","41.388640841792486924","8.9525057384600366106","100","100","100","100","100","100","100","100","100","100","100","100"
"10/27/2021 00:18:44.206","0","65273.164548313303385","41.507127588034400389","8.3764942436377332058","100","100","100","100","100","100","100","100","100","100","100","100"
"10/27/2021 00:18:46.196","0","22642.594169089763454","41.621611277019049169","8.7852638414436139414","100","100","100","100","100","100","100","100","100","100","100","100"
"10/27/2021 00:18:48.207","0","1075270.0147407327313","41.714348653730553451","8.7814302344295889213","100","100","100","100","100","100","100","100","100","100","100","100"
"10/27/2021 00:18:50.191","2064.2018168503677771","26785082.775450371206","41.239914819886884345","8.8558859766392892254","100","100","100","100","100","100","100","100","100","100","100","100"
"10/27/2021 00:18:52.200","0","0","41.234397106160038504","8.8542594460326853323","100","100","100","100","100","100","100","100","100","100","100","100"
"10/27/2021 00:18:54.208","0","0","41.337502757398766562","8.3014572089613825057","100","100","100","100","100","100","100","100","100","100","100","100"
"10/27/2021 00:18:56.199","0","4114.953889108623116","41.457197615284755443","9.4145760330245131797","100","100","100","100","100","100","100","100","100","100","100","100"
"10/27/2021 00:18:58.201","0","73659.080880973720923","41.564612868606253926","9.1992793721656145323","100","100","100","100","100","100","100","100","100","100","100","100"
"10/27/2021 00:19:00.204","0","71567.874610847196891","41.709552202771774887","8.6010999145735738125","100","100","100","100","100","100","100","100","100","100","100","100"
"10/27/2021 00:19:02.191","0","27788603.749555975199","41.225561532477279059","9.2560942166267867748","100","100","100","100","100","100","100","100","100","100","100","100"
"10/27/2021 00:19:04.206","0","150949.65193202480441","41.446504774840200014","12.300651329781963739","100","100","100","100","100","100","100","100","100","100","100","100"
"10/27/2021 00:19:06.195","0","94693.631554746942129","41.503449096694460252","9.0380933206294251647","100","100","100","100","100","100","100","100","100","100","100","100"
"10/27/2021 00:19:08.202","0","95931.435175371152582","41.63601865098718946","8.7068733928984176629","100","100","100","100","100","100","100","100","100","100","100","100"
"10/27/2021 00:19:10.188","0","66007.388464348725392","41.773637114505660861","9.9711501452916966315","100","100","100","100","100","100","100","100","100","100","100","100"
"10/27/2021 00:19:12.198","19107.283816011185991","795627.2980987058254","41.793976943426294213","9.8080566161575237771","100","100","100","100","100","100","100","100","100","100","100","100"
"10/27/2021 00:19:14.210","0","27315502.538828153163","41.625560224434728696","8.3998948343850248222","100","100","100","100","100","100","100","100","100","100","100","100"
"10/27/2021 00:19:16.195","0","63987.963554436231789","41.368841948306382506","8.8614071261194471418","100","100","100","100","100","100","100","100","100","100","100","100"
"10/27/2021 00:19:18.196","0","112553.44639971861034","41.388839190217865394","8.9876885051662362969","100","100","100","100","100","100","100","100","100","100","100","100"
"10/27/2021 00:19:20.203","0","65314.124652848040569","41.529324683716829725","8.3837688722165673028","100","100","100","100","100","100","100","100","100","100","100","100"
"10/27/2021 00:19:22.190","0","70074.777995984331938","41.646080380688907496","9.1262661574152410537","100","100","100","100","100","100","100","100","100","100","100","100"
"10/27/2021 00:19:24.198","0","0","41.758183888569050168","9.3127580375082850139","100","100","100","100","100","100","100","100","100","100","100","100"
"10/27/2021 00:19:26.208","0","2037.0020223809628988","41.837920351381860939","8.7598365626088359193","100","100","100","100","100","100","100","100","100","100","100","100"
"10/27/2021 00:19:28.195","0","27716451.717935338616","41.322175748954101948","9.2854667990842969516","100","100","100","100","100","100","100","100","100","100","100","100"
"10/27/2021 00:19:30.207","0","0","41.321923290687131214","8.6681738512456760759","100","100","100","100","100","100","100","100","100","100","100","100"
"10/27/2021 00:19:32.197","0","53515.499902035320702","41.442682044916480777","9.2480945256386615227","100","100","100","100","100","100","100","100","100","100","100","100"
"10/27/2021 00:19:34.202","0","0","41.578317000898138645","7.886010860206116746","100","100","100","100","100","100","100","100","100","100","100","100"
"10/27/2021 00:19:36.196","0","78091.126315788424108","41.714871591356320835","9.4550285845535935181","100","100","100","100","100","100","100","100","100","100","100","100"
"10/27/2021 00:19:38.207","0","30551.03444887704245","41.675075479241804999","9.8757931800364957553","100","100","100","100","100","100","100","100","100","100","100","100"
"10/27/2021 00:19:40.205","0","27619052.765287902206","41.369671430757662733","10.487684981694144426","100","100","100","100","100","100","100","100","100","100","100","100"
"10/27/2021 00:19:42.204","0","16396.137240592346643","41.375008817150963125","8.5897259802725773881","100","100","100","100","100","100","100","100","100","100","100","100"
"10/27/2021 00:19:44.201","0","0","41.440536277704062229","9.4297631063884885805","100","100","100","100","100","100","100","100","100","100","100","100"
"10/27/2021 00:19:46.211","0","57036.493449217887246","41.579002221482575408","8.4073321263227978051","100","100","100","100","100","100","100","100","100","100","100","100"
"10/27/2021 00:19:48.204","0","197380.07188920179033","41.677744160796919459","8.789244918236615689","100","100","100","100","100","100","100","100","100","100","100","100"
"10/27/2021 00:19:50.195","0","111096.93557217554189","41.821114751934338472","9.4199540204851999192","100","100","100","100","100","100","100","100","100","100","100","100"
"10/27/2021 00:19:52.207","2035.8637074738219326","27459729.686406910419","41.381788775646541012","8.1646161314711029888","100","100","100","100","100","100","100","100","100","100","100","100"
"10/27/2021 00:19:54.200","0","0","41.380093791843414408","9.0846755486633234966","100","100","100","100","100","100","100","100","100","100","100","100"
"10/27/2021 00:19:56.212","0","59051.972835217537067","41.408800366662632086","8.5993507494558922843","100","100","100","100","100","100","100","100","100","100","100","100"
"10/27/2021 00:19:58.197","0","0","41.545949979113864003","9.2428417844973687068","100","100","100","100","100","100","100","100","100","100","100","100"
"10/27/2021 00:20:00.199","0","102312.87035960175854","41.666600536943086297","9.1259777519284277503","100","100","100","100","100","100","100","100","100","100","100","100"
"10/27/2021 00:20:02.208","0","4078.5744944013949862","41.803281344893221672","8.2039916165537185577","100","100","100","100","100","100","100","100","100","100","100","100"
"10/27/2021 00:20:04.207","0","0","41.868448150779222772","9.4771338592097400522","100","100","100","100","100","100","100","100","100","100","100","100"
"10/27/2021 00:20:06.200","0","27793015.314457889646","41.856727502741087221","9.9558584320261100942","100","100","100","100","100","100","100","100","100","100","100","100"
"10/27/2021 00:20:08.201","8187.4723278027249762","147374.50190044904593","41.860982994982272487","8.9058245069221229073","100","100","100","100","100","100","100","100","100","100","100","100"
"10/27/2021 00:20:10.207","0","48995.730567142622021","41.858386421077511841","8.2358871640994202323","100","100","100","100","100","100","100","100","100","100","100","100"
"10/27/2021 00:20:12.197","514.63937952181561286","54037.134849790636508","41.850380306562961152","9.1694086510843870741","100","100","100","100","100","100","100","100","100","100","100","100"
"10/27/2021 00:20:14.210","0","0","41.873911777947540713","8.602983233481886316","100","100","100","100","100","100","100","100","100","100","100","100"
"10/27/2021 00:20:16.207","0","2050.9624101051558682","41.988702011757695232","8.9163749445251845316","100","100","100","100","100","100","100","100","100","100","100","100"
"10/27/2021 00:20:18.198","0","27575298.535843458027","41.519894088041013447","8.9818562297989892329","100","100","100","100","100","100","100","100","100","100","100","100"
"10/27/2021 00:20:20.199","0","0","41.517838449570774628","8.6129275771479321122","100","100","100","100","100","100","100","100","100","100","100","100"
"10/27/2021 00:20:22.209","0","63155.492646764054371","41.599215832911248469","8.8143298507537650721","100","100","100","100","100","100","100","100","100","100","100","100"
"10/27/2021 00:20:24.207","0","32798.505890328597161","41.715737115991238682","9.1607096108512813259","100","100","100","100","100","100","100","100","100","100","100","100"
"10/27/2021 00:20:26.200","0","49326.747401682572672","41.785664307369309256","9.118666355098026699","100","100","100","100","100","100","100","100","100","100","100","100"
"10/27/2021 00:20:28.211","0","0","41.916773291750992314","8.7549311969952299251","100","100","100","100","100","100","100","100","100","100","100","100"
"10/27/2021 00:20:30.203","2056.165650648420069","44452245.201368190348","41.799530722619856249","12.935643684387354568","100","100","100","100","100","100","100","100","100","100","100","100"
"10/27/2021 00:20:32.190","0","2061.8759094012934838","41.802758407267454288","9.4172063398322300998","100","100","100","100","100","100","100","100","100","100","100","100"
"10/27/2021 00:20:34.194","0","0","41.797132497140474072","8.7437132537891315565","100","100","100","100","100","100","100","100","100","100","100","100"
"10/27/2021 00:20:36.206","0","48867.996309249348997","41.79457198870241541","8.7978454714549911841","100","100","100","100","100","100","100","100","100","100","100","100"
"10/27/2021 00:20:38.195","0","0","41.794391684651934327","9.2871190888376595751","100","100","100","100","100","100","100","100","100","100","100","100"
"10/27/2021 00:20:40.200","0","10217.197768879303112","41.886353688753757751","9.1222499985158194136","100","100","100","100","100","100","100","100","100","100","100","100"
"10/27/2021 00:20:42.210","0","580620.39181431487668","41.927538239845894452","8.3605084645949734323","100","100","100","100","100","100","100","100","100","100","100","100"
"10/27/2021 00:20:44.199","2060.1079756104541048","27242867.869472645223","41.438120007849796878","9.2985204635982370291","100","100","100","100","100","100","100","100","100","100","100","100"
"10/27/2021 00:20:46.207","0","16315.884445616442463","41.437723310999039938","8.7795135820111447345","100","100","100","100","100","100","100","100","100","100","100","100"
"10/27/2021 00:20:48.200","0","0","41.574530336441128497","9.1672029957879264117","100","100","100","100","100","100","100","100","100","100","100","100"
"10/27/2021 00:20:50.211","0","0","41.690564747362060416","8.7389959267674122145","100","100","100","100","100","100","100","100","100","100","100","100"
"10/27/2021 00:20:52.205","0","43145.097862969370908","41.816300279883741098","8.1707424121812426421","100","100","100","100","100","100","100","100","100","100","100","100"
"10/27/2021 00:20:54.192","0","0","41.914681587814044406","8.9899113617271435572","100","100","100","100","100","100","100","100","100","100","100","100"
"10/27/2021 00:20:56.199","0","27414554.403502371162","41.771689672435563523","8.5686915657765432286","100","100","100","100","100","100","100","100","100","100","100","100"
"10/27/2021 00:20:58.201","8183.3522425177188779","90016.874667694908567","41.777207409445473729","9.3409298779574161387","100","100","100","100","100","100","100","100","100","100","100","100"
"10/27/2021 00:21:00.207","0","73501.761577863348066","41.783464430315298443","8.7455436464693114829","100","100","100","100","100","100","100","100","100","100","100","100"
"10/27/2021 00:21:02.194","0","53599.130584415033809","41.777117234137165269","8.7767671613675268816","100","100","100","100","100","100","100","100","100","100","100","100"
"10/27/2021 00:21:04.201","0","0","41.779803983350241481","8.9133638974203464045","100","100","100","100","100","100","100","100","100","100","100","100"
"10/27/2021 00:21:06.190","0","25743.135695939778088","42.166152629574334298","14.368495148071803058","100","100","100","100","100","100","100","100","100","100","100","100"
"10/27/2021 00:21:08.205","16260.11983799625159","27412529.531881928444","41.855573454372482445","11.350436060338287447","100","100","100","100","100","100","100","72","100","100","43","100"
"10/27/2021 00:21:10.195","0","0","41.857629092842721263","9.1300496339741243901","100","100","100","100","100","100","100","100","100","100","100","100"
"10/27/2021 00:21:12.210","0","50824.369788982083264","41.853824384010820836","8.8772827551285899972","100","100","100","100","100","100","100","100","100","100","100","100"
"10/27/2021 00:21:14.202","0","104859.34222769078042","41.850326220004433253","8.2315675275610225015","100","100","100","100","100","100","100","100","100","100","100","100"
"10/27/2021 00:21:16.195","0","51385.705369921626698","41.850362285471135237","9.1802341729292802341","100","100","100","100","100","100","100","100","100","100","100","100"
"10/27/2021 00:21:18.198","0","0","41.934137871007933995","9.3257747779664779131","100","100","100","100","100","100","100","100","100","100","100","100"
"10/27/2021 00:21:20.211","0","27354778.563582200557","41.973807765630496647","8.4392887611304026052","100","100","100","100","100","100","100","100","100","100","100","100"
"10/27/2021 00:21:22.195","0","39222.072051708382787","41.446540840306909104","8.6569753187367588509","100","100","100","100","100","100","100","100","100","100","100","100"
"10/27/2021 00:21:24.205","0","0","41.459667971697562905","8.7857304128712847557","100","100","100","100","100","100","100","100","100","100","100","100"
"10/27/2021 00:21:26.196","0","39089.54078529272374","41.605166308955560339","9.2886405367893161156","100","100","100","100","100","100","100","100","100","100","100","100"
"10/27/2021 00:21:28.200","0","0","41.755028334854877414","9.0357069877791360568","100","100","100","100","100","100","100","100","100","100","100","100"
"10/27/2021 00:21:30.211","0","30544.699388504468516","41.88516359820150825","8.7295592118996410136","100","100","100","100","100","100","100","100","100","100","100","100"
"10/27/2021 00:21:32.206","0","49283.742837165169476","41.962682162868482294","8.5423442549794508238","100","100","100","100","100","100","100","100","100","100","100","100"
"10/27/2021 00:21:34.197","0","27745826.099127609283","41.826614444569358398","8.7127380372028611077","100","100","100","100","100","100","100","100","100","100","100","100"
"10/27/2021 00:21:36.200","0","16361.520089473067856","41.823458890855185643","9.0444480306202557074","100","100","100","100","100","100","100","100","100","100","100","100"
"10/27/2021 00:21:38.200","0","0","41.825730898842614636","9.05013438652569846","100","100","100","100","100","100","100","100","100","100","100","100"
"10/27/2021 00:21:40.206","0","0","41.824576850474016965","8.5256114869591392846","100","100","100","100","100","100","100","100","100","100","100","100"
"10/27/2021 00:21:42.203","0","41002.663271133613307","41.85276051095052452","8.7594942892492362319","100","100","100","100","100","100","100","100","100","100","100","100"
"10/27/2021 00:21:44.193","0","0","41.950276317528981451","9.1062976495007053046","100","100","100","100","100","100","100","100","100","100","100","100"
"10/27/2021 00:21:46.203","2038.3118020890806292","27262420.352941453457","41.787719922556476604","8.3121595199551752131","100","100","100","100","100","100","100","100","100","100","100","100"
"10/27/2021 00:21:48.195","0","4111.6916544454434188","41.79781771772490373","8.9660278252055363168","100","100","100","100","100","100","100","100","100","100","100","100"
"10/27/2021 00:21:50.202","0","0","41.796880062156560598","8.5381998778375489678","100","100","100","100","100","100","100","100","100","100","100","100"
"10/27/2021 00:21:52.198","0","41047.52563891986938","41.795311295845380073","9.4451048323155983866","100","100","100","100","100","100","100","100","100","100","100","100"
"10/27/2021 00:21:54.209","0","2037.2829747753430638","41.830924046652143033","9.0048367886015672212","100","100","100","100","100","100","100","100","100","100","100","100"
"10/27/2021 00:21:56.194","0","12376.821641670365352","41.951087732322299928","9.0495741596970713516","100","100","100","100","100","100","100","100","100","100","100","100"
"10/27/2021 00:21:58.195","0","27238670.994474809617","41.829806063750247347","8.2938206093589599277","100","100","100","100","100","100","100","100","100","100","100","100"
"10/27/2021 00:22:00.206","0","16295.119898028193347","41.836459781470814789","8.7016822884433793206","100","100","100","100","100","100","100","100","100","100","100","100"
"10/27/2021 00:22:02.190","0","66056.771771615894977","41.825803006492975555","8.9834323190404070658","100","100","100","100","100","100","100","100","100","100","100","100"
"10/27/2021 00:22:04.199","0","0","41.82300808416283644","9.1462613480022163515","100","100","100","100","100","100","100","100","100","100","100","100"
"10/27/2021 00:22:06.205","0","49013.952203618508065","41.822178624994627683","8.6580475302120092351","100","100","100","100","100","100","100","100","100","100","100","100"
"10/27/2021 00:22:08.195","0","0","41.950132055662137986","8.980749044276659987","100","100","100","100","100","100","100","100","100","100","100","100"
"10/27/2021 00:22:10.210","0","27207380.597860109061","41.780326897692944499","8.4953034702700218617","100","100","100","100","100","100","100","100","100","100","100","100"
"10/27/2021 00:22:12.195","0","53646.910378538254008","41.780741638918577507","8.8930298949359674054","100","100","100","100","100","100","100","100","100","100","100","100"
"10/27/2021 00:22:14.197","0","0","41.783464430315298443","8.8134732539802307372","100","100","100","100","100","100","100","100","100","100","100","100"
"10/27/2021 00:22:16.201","0","0","41.782761188639042871","9.0910606227412102953","100","100","100","100","100","100","100","100","100","100","100","100"
"10/27/2021 00:22:18.214","0","12208.891874653589184","41.788405119857849002","8.9878302606237188144","100","100","100","100","100","100","100","100","100","100","100","100"
"10/27/2021 00:22:20.208","0","0","41.928746374773034233","8.647313050952687874","100","100","100","100","100","100","100","100","100","100","100","100"
"10/27/2021 00:22:22.196","0","27634131.016196098179","41.818067394620292987","8.8353004202529223932","100","100","100","100","100","100","100","100","100","100","100","100"
"10/27/2021 00:22:24.208","0","0","41.814497099680473013","8.6764862678432308485","100","100","100","100","100","100","100","100","100","100","100","100"
"10/27/2021 00:22:26.207","0","0","41.81422662032168347","8.8702968975527429762","100","100","100","100","100","100","100","100","100","100","100","100"
"10/27/2021 00:22:28.196","0","11827421.077043056488","41.859810925521841796","8.5074655897598994159","100","100","100","100","100","100","100","100","100","100","100","100"
"10/27/2021 00:22:30.207","0","65177.941718273577862","41.854275167420105674","8.3148794495441649133","100","100","100","100","100","100","100","100","100","100","100","100"
"10/27/2021 00:22:32.202","0","0","41.852814597509059524","8.3640783076664231288","100","100","100","100","100","100","100","100","100","100","100","100"
"10/27/2021 00:22:34.200","0","2050.0837050778413868","41.867330167877334191","9.1560536331888986439","100","100","100","100","100","100","100","100","100","100","100","100"
"10/27/2021 00:22:36.200","0","4202199.5348228178918","41.907126279991842921","8.6650520762166287625","100","100","100","100","100","100","100","100","100","100","100","100"
"10/27/2021 00:22:38.206","0","2660686.4607441299595","41.268621394706102024","8.149116212475925991","100","100","100","100","100","100","100","100","100","100","100","100"
"10/27/2021 00:22:40.200","0","5785589.8967903703451","41.240401668762885379","8.954208251054062373","100","100","100","100","100","100","100","100","100","100","100","100"
"10/27/2021 00:22:42.201","0","3144411.2777774310671","41.247253758191888551","8.5671569418539377239","100","100","100","100","100","100","100","100","100","100","100","100"
"10/27/2021 00:22:44.216","0","7318310.0587952276692","41.258433447512430803","8.4934868952002631204","100","100","100","100","100","100","100","100","100","100","100","100"
"10/27/2021 00:22:46.203","0","3692785.5309445271268","41.267485390712387527","8.8166340997414707203","100","100","100","100","100","100","100","100","100","100","100","100"
"10/27/2021 00:22:48.201","2050.7825016983042588","8170317.4867660449818","41.248173369385341402","9.6394907651590866493","100","100","100","100","100","100","100","100","100","100","100","100"
"10/27/2021 00:22:50.212","0","4696624.5517127253115","41.26092182501706418","8.5806534796069371396","100","100","100","100","100","100","100","100","100","100","100","100"
"10/27/2021 00:22:52.205","0","9137643.1178039778024","41.280648587569743313","8.5510207787795717849","100","100","100","100","100","100","100","100","100","100","100","100"
"10/27/2021 00:22:54.192","0","5441092.222848245874","41.245793188280842401","9.6837071246082100373","100","100","100","100","100","100","100","100","100","100","100","100"
"10/27/2021 00:22:56.192","0","5207879.9014454837888","41.302863727627055823","8.4001066980527561157","100","100","100","100","100","100","100","100","100","100","100","100"
"10/27/2021 00:22:58.198","0","11048637.331193076447","41.230484200928010807","9.4509929349682497701","100","100","100","100","100","100","100","100","100","100","100","100"
"10/27/2021 00:23:00.211","0","5817558.6536705596372","41.305550453557060564","8.8589515911570710927","100","100","100","100","100","100","100","100","100","100","100","100"
"10/27/2021 00:23:02.200","0","11951972.276344673708","41.264149509664662219","8.9421002404249101403","100","100","100","100","100","100","100","100","100","100","100","100"
"10/27/2021 00:23:04.209","0","6125010.2261985363439","41.272822800388752285","8.1182733868656491438","100","100","100","100","100","100","100","100","100","100","100","100"
"10/27/2021 00:23:06.195","0","13205680.50100652501","41.277529099322279649","9.0390611487677237079","100","100","100","100","100","100","100","100","100","100","100","100"
"10/27/2021 00:23:08.203","0","6601721.9012615764514","41.294496981728471496","8.4303753437705246654","100","100","100","100","100","100","100","100","100","100","100","100"
"10/27/2021 00:23:10.195","0","14316296.693015597761","41.225705794344122523","8.9628390312387899996","100","100","100","100","100","100","100","100","100","100","100","100"
"10/27/2021 00:23:12.208","0","7250481.3476093588397","41.235262630794956351","8.6596579551932233443","100","100","100","100","100","100","100","100","100","100","100","100"
"10/27/2021 00:23:14.196","2059.9428275340528671","71337880.060331776738","41.248642197169509416","9.3074110888353480675","100","100","100","100","100","100","100","100","100","100","100","100"
"10/27/2021 00:23:16.198","0","63565205.644358724356","40.572180422156165491","8.9247346693414613128","100","100","100","100","100","100","100","100","100","100","100","100"
"10/27/2021 00:23:18.206","0","4079.0042170789083684","40.571927987172252017","9.1045438197993036056","100","100","100","100","100","100","100","100","100","100","100","100"
"10/27/2021 00:23:20.195","0","59734.223338931071339","40.572486966981664125","9.9012370065433294997","100","100","100","100","100","100","100","100","100","100","100","100"
"10/27/2021 00:23:22.209","0","48808.485876401879068","40.572000118105670197","9.4254508398540988168","100","100","100","100","100","100","100","100","100","100","100","100"
"10/27/2021 00:23:24.204","0","0","40.57109852800404326","9.995988956748803389","100","100","100","100","100","100","100","100","100","100","100","100"
"10/27/2021 00:23:26.196","0","49351.253217302197299","40.570413330702670862","9.98902780729945583","100","100","100","100","100","100","100","100","100","100","100","100"
"10/27/2021 00:23:28.210","0","0","40.574813061527628122","8.7136946560466110867","100","100","100","100","100","100","100","100","100","100","100","100"
"10/27/2021 00:23:30.198","0","65931.247941723442636","40.574849126994344317","9.4828333796781230092","100","100","100","100","100","100","100","100","100","100","100","100"
"10/27/2021 00:23:32.208","0","0","40.573713123000629821","8.4657558236144510033","100","100","100","100","100","100","100","100","100","100","100","100"
"10/27/2021 00:23:34.202","0","0","40.572198466531048666","9.2341696155976205063","100","100","100","100","100","100","100","100","100","100","100","100"
"10/27/2021 00:23:36.189","0","2061.117881702199611","40.572018139197496112","9.6477537647756790307","100","100","100","100","100","100","100","100","100","100","100","100"
"10/27/2021 00:23:38.196","0","0","40.573190208657919698","9.4420601499826233294","100","100","100","100","100","100","100","100","100","100","100","100"
"10/27/2021 00:23:40.200","0","8176.2235678147226281","40.573027925699257423","10.06746225503249903","100","100","100","100","100","100","100","100","100","100","100","100"
"10/27/2021 00:23:42.211","0","36668.990640872776567","40.571188680029287355","9.0129418146034154802","100","100","100","100","100","100","100","100","100","100","100","100"
"10/27/2021 00:23:44.200","0","0","40.573749188467331805","10.04865247633592773","100","100","100","100","100","100","100","100","100","100","100","100"
"10/27/2021 00:23:46.214","0","26438.893375807954726","40.573063991165966513","9.2950279273771521105","100","100","100","100","100","100","100","100","100","100","100","100"
"10/27/2021 00:23:48.204","0","166682.47535051067825","40.605827709800990988","9.9197603713400148706","100","100","100","100","100","100","100","100","100","100","100","100"
