"(PDH-CSV 4.0) (W. Europe Daylight Time)(-120)","\\LAPTOP-F92J163T\LogicalDisk(_Total)\Disk Read Bytes/sec","\\LAPTOP-F92J163T\LogicalDisk(_Total)\Disk Write Bytes/sec","\\LAPTOP-F92J163T\Memory\% Committed Bytes In Use","\\LAPTOP-F92J163T\Processor(0)\% Processor Time","\\LAPTOP-F92J163T\Processor(1)\% Processor Time","\\LAPTOP-F92J163T\Processor(2)\% Processor Time","\\LAPTOP-F92J163T\Processor(3)\% Processor Time","\\LAPTOP-F92J163T\Processor(4)\% Processor Time","\\LAPTOP-F92J163T\Processor(5)\% Processor Time","\\LAPTOP-F92J163T\Processor(6)\% Processor Time","\\LAPTOP-F92J163T\Processor(7)\% Processor Time","\\LAPTOP-F92J163T\Processor(_Total)\% Processor Time"
"10/28/2021 14:27:15.583"," "," ","57.063466160805774052"," "," "," "," "," "," "," "," "," "
"10/28/2021 14:27:17.593","187414.83929920560331","42779.474187862149847","55.957399577823792924","10.645297223764615069","5.9833127310914608898","11.422294639210139877","4.4293179002004130496","6.7603101465369856982","4.4293179002004130496","7.5373075619825087301","4.4293179002004130496","6.9545619867900976274"
"10/28/2021 14:27:19.595","0","110480.08367523699417","56.016626198779938761","1.6604953164171876168","0.88002305702367111806","6.3433288727782759509","0.88002305702367111806","2.4409675758107041155","0","0.099550797630165721586","0.88002305702367111806","1.5629375327486205727"
"10/28/2021 14:27:21.582","407763.17895231890725","1051626.9090552851558","56.107603818203230617","14.267779509690981854","2.4697675156117537831","15.05431364262959093","33.931132833156354422","17.413916041445443028","3.2563016485503748498","11.908177110875140414","9.5485747120592883164","13.481245376752371001"
"10/28/2021 14:27:23.590","1370133.6945990535896","246705.62060488911811","56.818008901741819727","54.878148845497996433","0","8.2003717891166232334","50.988334090799547482","17.535927200392897873","1.1987052306594137008","3.5325940834784907985","5.088519985357864428","17.633171324519636869"
"10/28/2021 14:27:25.596","46970.582409195798391","2042.1992351824258094","57.140643093069229508","98.441892227904148172","99.220946113952081191","99.220946113952081191","98.441892227904148172","100","100","99.220946113952081191","99.220946113952081191","99.220946113952081191"
"10/28/2021 14:27:27.851","36789.937767503157374","29068.592803953109978","57.228131256352213541","100","100","100","100","100","100","100","100","100"
"10/28/2021 14:27:29.689","0","13368.2334741088398","57.358216042015286007","100","100","100","100","100","100","100","100","100"
"10/28/2021 14:27:31.718","0","28262.391743344127462","57.50260452216085838","100","100","100","100","100","100","100","100","100"
"10/28/2021 14:27:33.601","110969.68859896092908","1168445.5446596473921","57.530645992963258095","28.646554030793993206","31.135627727394211917","23.668406637593577102","91.703087677999306493","23.668406637593577102","43.580996210395248625","33.624701423994416416","49.38883483579574829","40.67707689769500945"
"10/28/2021 14:27:35.791","41841.460729368503962","1204286.065238583833","57.370004793016704525","40.071128379149357102","46.492078909954784649","31.509861004742123924","84.304343146920075469","52.913029440760205091","32.93673890047665509","42.924884170618440749","41.49800627488389182","46.581257636935866628"
"10/28/2021 14:27:37.664","13121.223964172906562","1176536.4154541706666","57.388112288291594609","100","100","100","100","100","100","100","100","100"
"10/28/2021 14:27:39.672","32632.465947556716856","61185.873651668844104","57.603201749176534463","100","100","100","100","100","100","100","100","100"
"10/28/2021 14:27:41.584","0","1647697.987598470645","56.996726188109427369","53.42962661659002066","44.442361577686341434","41.991289294348966621","86.927614488867376963","43.625337483240542724","41.174265199903182122","43.625337483240542724","41.991289294348966621","49.65089148701679278"
"10/28/2021 14:27:43.592","485636.25154898525216","4219730.1185012664646","56.15067201576909639","7.3708377716453661321","4.2572524866586576309","5.0356488079053356444","43.95546487023921145","8.9276304141387203828","7.3708377716453661321","1.922063522918626699","4.2572524866586576309","10.387124761910360604"
"10/28/2021 14:27:45.598","95952.894401873913012","340939.00776836049045","56.166924758853141952","2.648057569247164178","2.648057569247164178","2.648057569247164178","0","5.7633197270312575","5.7633197270312575","3.4268731086931958352","1.869242029801143623","3.0374653389701800066"
"10/28/2021 14:27:47.591","0","61637.059844027338841","56.163058047220829394","2.0290329640420434743","0","0.46149749146671137368","0.46149749146671137368","1.245265227754377424","1.245265227754377424","2.0290329640420434743","0.46149749146671137368","0.95135107261812290602"
"10/28/2021 14:27:49.605","32542.309322158034774","26440.626324253404164","56.157210831566992226","0","0","2.2424040796262034725","0.6906962078742306943","3.0182580155021843105","0","3.0182580155021843105","1.4665501437502226345","1.1756036764304256259"
"10/28/2021 14:27:51.590","35610.268353127903538","540863.20629098615609","56.156487776002961709","0.77811128092019066216","0","2.3530618955087567734","0.77811128092019066216","4.7154878173916063844","0.77811128092019066216","5.50296312468588944","0","1.7624579349590274724"
"10/28/2021 14:27:53.600","0","523598.23572495317785","56.155984791963355462","0.51859160787771640955","0","4.4045841231949882655","0.51859160787771640955","0.51859160787771640955","0","3.6273856201315402004","0","1.1014879981400937936"
"10/28/2021 14:27:55.590","0","1053699.5084900821093","56.150043279898831372","3.4374048034122473005","2.6523430538464953798","2.6523430538464953798","0.29715780514922851552","1.0822195547149804362","1.0822195547149804362","4.2224665529779992212","0","1.8672813042807434591"
"10/28/2021 14:27:57.606","35056.593605138696148","548711.89990651875269","56.163309527599089677","0","0.76884792781291011465","1.5440913033768710605","0","3.869821430068753898","0","1.5440913033768710605","1.5440913033768710605","1.1564696155948905876"
"10/28/2021 14:27:59.593","0","430741.53656158701051","56.162837975696390913","0.15175172634633860014","0","3.2965784436267631108","0.15175172634633860014","1.7241650849865508555","0","1.7241650849865508555","0.15175172634633860014","0.74140925169778881809"
"10/28/2021 14:28:01.601","0","152963.90723993806751","56.163969695606262178","1.1896381659781019025","0","1.9676725111278825509","0","1.1896381659781019025","0","2.7457068562776631993","0.41160382082832125406","0.80062099340321157825"
"10/28/2021 14:28:03.600","59447.318702418531757","295186.68597062997287","56.15972575176500925","0","0.69139060478874414528","0","0","1.4733481590817443241","1.4733481590817443241","1.4733481590817443241","0.69139060478874414528","0.69139060478874414528"
"10/28/2021 14:28:05.598","68405.879891296382993","24595.372545185215131","56.158373983613763869","0.70166238239949274558","0","1.4835390565538286722","0.70166238239949274558","3.0472924048625005256","0","3.0472924048625005256","0.70166238239949274558","1.0926007194766551578"
"10/28/2021 14:28:07.593","68281.743412517898832","61607.588041369534039","56.114362705525557828","1.2947620420390326679","3.64488675532381734","5.9950114686086024562","1.2947620420390326679","2.8615118508955594834","1.2947620420390326679","3.64488675532381734","0","2.4698243986814194528"
"10/28/2021 14:28:09.608","0","22357.703607392850245","56.113733969655285705","0","0","2.3068049147157654311","0","0","0.7561192784414139112","3.0821477328529356399","0.7561192784414139112","0.85303589016004766066"
"10/28/2021 14:28:11.595","0","100981.45273842707684","56.112507930051656047","0","0.16336606440429113363","0.94948129224362576295","0","0.16336606440429113363","0.16336606440429113363","3.3078269757616407531","0","0.26162921009984518861"
"10/28/2021 14:28:13.586","0","18520.988720555087639","56.112099265705815299","0.30283320570421157214","0.30283320570421157214","2.6578843898214410402","0.30283320570421157214","1.0878502670766176941","0","2.6578843898214410402","0.30283320570421157214","0.89159851378811660894"
"10/28/2021 14:28:15.599","0","4068.8906094256403776","56.109364273983374005","0","0","1.4339298748512030457","0","2.9861514516251963514","0","1.4339298748512030457","0","0.65781908646420639286"
"10/28/2021 14:28:17.588","0","2059.8702080609718905","56.105969114253753105","0.20717179719773604063","0.99294209800721011661","0.99294209800721011661","0.20717179719773604063","0.99294209800721011661","0.20717179719773604063","4.9217936020545360876","1.7787123988166730904","1.2876021891133127006"
"10/28/2021 14:28:19.589","0","83924.178989940395695","56.08364910727451047","0.82955096720142007527","0","2.3912903220486447786","0.048681289777818825826","2.3912903220486447786","0","4.7338993543194813896","0","0.92716342505382298711"
"10/28/2021 14:28:21.592","35273.107989346979593","4089.63570890979463","56.083114691098010951","0.15936562059640779765","1.7193755327745807726","1.7193755327745807726","0.15936562059640779765","0.15936562059640779765","0.15936562059640779765","3.2793854449527648498","0.93937057668549428513","1.0368699481887011515"
"10/28/2021 14:28:23.594","0","20454.43706727517565","56.093645947075835068","0.12283393268788245223","3.2439953722913861256","0","0","4.0242857321922675951","0.12283393268788245223","0.12283393268788245223","0.12283393268788245223","0.80558924606572990257"
"10/28/2021 14:28:25.579","0","0","56.09345733097136133","0.82733301967484740302","0","3.1885869953968803969","0.040248361100836405058","2.401502336822869399","0.82733301967484740302","3.1885869953968803969","0.040248361100836405058","1.2208753489618584531"
"10/28/2021 14:28:27.592","35114.685309680753562","370485.37544126942521","56.091979810989457178","2.9383062581006869074","0.60882560829510490308","5.2677869079062800139","1.3853191582303026053","2.9383062581006869074","0.60882560829510490308","6.0442804578414666139","2.1618127081655003074","2.7441803858375357628"
"10/28/2021 14:28:29.607","205283.36101484895335","95527.900670276256278","56.104774530070081084","0.75275068713832604672","0.75275068713832604672","4.6295963634219949867","0","4.6295963634219949867","0.75275068713832604672","3.0788580929085207494","0.75275068713832604672","1.915804390023423398"
"10/28/2021 14:28:31.605","0","204980.46480121099739","56.104774530070081084","0","0","3.0426201622208326469","0","1.4787914551598779767","0","1.4787914551598779767","0","0.69687710162940064151"
"10/28/2021 14:28:33.590","85643.140515179882641","18573.211196063108218","56.10219672231519894","0.017397917479855529166","2.3791916674606450322","3.1664562507875748665","0.017397917479855529166","5.5282500007683754717","0.80466250080678536349","3.9537208341145047008","0.80466250080678536349","2.0839661890897143159"
"10/28/2021 14:28:35.595","0","0","56.111847762044483545","0.24170935032962193034","0","1.8004326417307203734","0","1.0210709960301711519","0","4.1385175788323680379","0.24170935032962193034","0.72881411982835819785"
"10/28/2021 14:28:37.585","0","37052.5809634424877","56.115462970015471456","1.8471456333318370113","2.6323684682651893318","1.8471456333318370113","2.6323684682651893318","2.6323684682651893318","1.8471456333318370113","2.6323684682651893318","0.27669996346515457475","2.0434488293521124724"
"10/28/2021 14:28:39.590","196105.29388439204195","18384.871301661754842","56.133570488573411694","1.8073531841001244658","0.24873974257790809617","3.3659666256223519376","0.24873974257790809617","3.3659666256223519376","0.24873974257790809617","4.9245800671445678631","0.24873974257790809617","1.8073531841001244658"
"10/28/2021 14:28:41.594","0","0","56.135048008555322951","0.21164610918472659407","0.99124262395672291248","4.1096286830446970839","0.99124262395672291248","1.7708391387287081287","0.21164610918472659407","6.4484182273606744928","0.21164610918472659407","1.8682874557207851396"
"10/28/2021 14:28:43.608","35084.147631884581642","87456.136125857228762","56.136965625019961124","0","0.6900699454733816296","2.2417876025753624702","0","0.6900699454733816296","0","2.2417876025753624702","0","0.59308883327864325707"
"10/28/2021 14:28:45.607","16390.998956554449251","208985.23669606921612","56.149320224334800855","0.73917333557694808732","0","3.8654985848501133283","0","0.73917333557694808732","1.5207546478952393976","3.0839172725318220181","1.5207546478952393976","1.4230582343855546767"
"10/28/2021 14:28:47.604","0","20505.406198279666569","56.132438768663547535","0.66154219141776327007","0.66154219141776327007","0.66154219141776327007","0","1.4437347725877014426","0","0.66154219141776327007","0","0.36821872197091432"
"10/28/2021 14:28:49.599","0","55437.029030000870989","56.108138234379737241","0.52421451789278483702","0.52421451789278483702","2.090762320760608528","0","1.3074884193266966825","0","3.6573101236284433213","0","0.91585146860974075977"
"10/28/2021 14:28:51.596","35377.335463170165895","4101.7200537008884567","56.106880785922264465","0","0.64424337940803821922","1.4265721716961610177","0","0.64424337940803821922","0","0.64424337940803821922","1.4265721716961610177","0.44866368478814200316"
"10/28/2021 14:28:53.596","0","2048.875791957272213","56.106692146534733467","0","0.73861723610290086484","1.520202927157210393","0","0.73861723610290086484","0.73861723610290086484","1.520202927157210393","0","0.44552135142043036709"
"10/28/2021 14:28:55.581","0","0","56.118386577842386487","2.4063594685828526565","0.83226849226967214435","2.4063594685828526565","0.045223004113081888278","1.6193139804262624004","0.045223004113081888278","3.9804504448960331686","0.83226849226967214435","1.5209345536794760534"
"10/28/2021 14:28:57.583","35549.366030145130935","24552.080135927571973","56.121027273154119541","0.87427948869985838698","1.6547969730408063072","3.2158319417226910453","0.093762004358910466806","0.87427948869985838698","0.093762004358910466806","2.4353144573817431251","0.093762004358910466806","1.1669697988437865988"
"10/28/2021 14:28:59.583","8190.95647214544897","159723.65120683624991","56.127849001467190249","2.3547936728355978175","0.011308720983660425219","2.3547936728355978175","0.79247037160097288933","2.3547936728355978175","0.79247037160097288933","2.3547936728355978175","0.011308720983660425219","1.3783441092812376283"
"10/28/2021 14:29:01.596","0","4070.0989080737458607","56.130835496850970401","0.63800831669806878921","0.63800831669806878921","2.1905394367496611174","1.4142738767238594022","2.9668049967754517304","0","0.63800831669806878921","1.4142738767238594022","1.2202050026676181105"
"10/28/2021 14:29:03.585","0","22655.166849802972138","56.130489696778937514","1.0028493077063216354","0.21715763554526201773","3.3599243241895115908","0.21715763554526201773","2.5742326520284519731","1.0028493077063216354","3.3599243241895115908","0","1.2974849418733946926"
"10/28/2021 14:29:05.585","35829.168842258986842","6142.1432301015402118","56.141901192288358402","0.80862681899795951779","1.5896612534940346428","2.3706956879901097679","0.027592384501873290503","2.3706956879901097679","0.027592384501873290503","1.5896612534940346428","0.027592384501873290503","1.1015159815890851469"
"10/28/2021 14:29:07.599","0","4068.584656012391406","56.136085408771428718","0.6754466923135860057","0.6754466923135860057","1.4514197650298932274","0","2.2273928377461893469","0","3.779338983178792688","0","0.96643783613912237485"
"10/28/2021 14:29:09.589","0","14404.125753162155888","56.151300751639368514","1.0947821701435045405","19.14890923432365355","1.8797442164122046826","0.30982012387479329618","1.0947821701435045405","0.30982012387479329618","3.4496683089496049668","0.30982012387479329618","3.4496683089496049668"
"10/28/2021 14:29:11.598","0","8155.6782790005572679","56.083774859105183452","0","3.5529404256842145315","5.8863370282886346985","0","2.7751415581494076612","0.44174495554499815242","2.7751415581494076612","1.2195438230798050228","1.9973426906146118931"
"10/28/2021 14:29:13.595","0","2051.7334367481785193","56.077581843379320503","0.60322540686496006757","0","0.60322540686496006757","0","3.7338324806644895837","0","1.3858771753148424466","0","0.60322540686496006757"
"10/28/2021 14:29:15.589","0","0","56.083617675137617198","49.089531594616872212","0","1.3120150911034800245","0.52877711563604767875","31.075058158865921598","0.52877711563604767875","0.52877711563604767875","1.3120150911034800245","10.51505879648430053"
"10/28/2021 14:29:17.598","0","12235.108238838911348","56.062649436309619944","0","0","3.5412196372652027243","0","100","0.42964607717698166667","1.2075394671990369311","0","12.973175746653186735"
"10/28/2021 14:29:19.585","0","41224.164445768481528","55.778430811077917895","0.13658170318491258399","0.13658170318491258399","1.7092339598276717894","0.13658170318491258399","33.948605221004193311","0.13658170318491258399","6.4271907297559387473","41.025540375896596856","10.457115911768422478"
"10/28/2021 14:29:21.600","35324.064340146593167","6099.1190227591241637","55.768402515856642765","0","0","0.72978991296533957112","0","0.72978991296533957112","0","2.2808869455752556199","0","0.3420156548128550078"
"10/28/2021 14:29:23.596","0","43098.76384171245445","55.765353179482126222","0","0.57280585884277313014","2.9214797361929445429","0","0.57280585884277313014","0","3.7043710286429942791","0.57280585884277313014","0.86638633563334011001"
"10/28/2021 14:29:25.581","10313.873116194745307","18564.971609150539734","55.762052316163213561","0.063259484604161198007","0.85016295322932755596","0.85016295322932755596","0.063259484604161198007","0.85016295322932755596","1.6370664218544939139","3.2108733591048155276","0","0.85016295322932755596"
"10/28/2021 14:29:27.597","35306.298310637677787","10160.085844787819951","55.760134676415503918","0.0062259689381227723004","0.78137150406263344848","3.106808109436165477","0.0062259689381227723004","3.106808109436165477","0.78137150406263344848","2.3316625743116548009","0.0062259689381227723004","1.2658411842140226966"
"10/28/2021 14:29:29.581","45412.758086249770713","53669.623192840641423","55.761360716019140682","2.3576679695051505625","1.570229807968903657","1.570229807968903657","2.3576679695051505625","1.570229807968903657","0","1.570229807968903657","0","1.1765107272007746531"
"10/28/2021 14:29:31.584","98162.346825413580518","74644.284565158246551","55.757682620491287651","0.9295139359192017281","0.14943136848549753992","11.85066987999110566","0.14943136848549753992","1.7095965033529059163","1.7095965033529059163","5.6100093405214384035","1.7095965033529059163","2.9772294273005761589"
"10/28/2021 14:29:33.587","0","69540.130533552131965","55.757682620491287651","0.12763189282256615087","0","1.68813764449721182","0.12763189282256615087","3.2486433961718574892","0","3.2486433961718574892","0","0.71281905289135583104"
"10/28/2021 14:29:35.587","87040.83123993834306","264194.52305769518716","55.753721612448273959","0.78250014049823235496","0.78250014049823235496","2.3449804532462925621","0.0012599841242022513654","1.5637402968722624585","0","0.78250014049823235496","0.78250014049823235496","0.78250014049823235496"
"10/28/2021 14:29:37.589","79788.812184416528908","194357.3630133223196","55.763907091637122448","0.10388696275308584305","0.10388696275308584305","3.2256404951670480941","0.10388696275308584305","0.88432534585657363024","0.88432534585657363024","1.6647637289600725197","0.10388696275308584305","0.88432534585657363024"
"10/28/2021 14:29:39.604","0","16258.3005749349486","55.763624155838883212","0.76585440376081281855","0","1.5411211662314294735","0.76585440376081281855","0.76585440376081281855","0","2.3163879287020572306","0","0.76585440376081281855"
"10/28/2021 14:29:41.592","0","78330.934307558229193","55.763624155838883212","0.14000402887119900441","0.14000402887119900441","2.4989015714962814485","0.92630320974622648578","0.92630320974622648578","0","2.4989015714962814485","0.14000402887119900441","0.82801707021553649923"
"10/28/2021 14:29:43.604","0","0","55.763152603936184448","0","0","0","1.3793546279876389704","1.3793546279876389704","0.60281411324738520818","0.60281411324738520818","0","0.40868146949196715312"
"10/28/2021 14:29:45.598","0","12321.956230883255557","55.763152603936184448","0","0","2.0734040465513192686","0","1.2899912789237300004","0.50657851129614073216","3.640229581806497805","0","0.80035453877519424637"
"10/28/2021 14:29:47.593","0","0","55.761612219680479541","0.5204145268895010723","0.5204145268895010723","5.2202374626270087177","0.5204145268895010723","1.3037183495124171628","0.5204145268895010723","5.2202374626270087177","0.5204145268895010723","1.7932869985100907684"
"10/28/2021 14:29:49.606","0","150596.98171063294285","55.757588324080586517","0","0","1.4011704212107178869","0.62480168436985783487","0","0","0","0","0.13956749727438433339"
"10/28/2021 14:29:51.594","35779.830166467108938","22651.978810425218398","55.757588324080586517","1.0177511936944938498","1.8033245969191424862","3.3744714033684397592","0.23217779046985631553","1.8033245969191424862","1.0177511936944938498","4.1600448065930883956","0","1.6069337599478705769"
"10/28/2021 14:29:53.579","0","0","55.75724252400855363","0","0.7763860348187545668","2.3513640342660790949","0","0","0","2.3513640342660790949","0","0.57951126492303828286"
"10/28/2021 14:29:55.592","30518.021055348333903","2034.5347370232220783","55.851552415604601265","1.4333031976911492222","0","1.4333031976911492222","0.65718747483832773426","2.9855346433968033004","0","2.9855346433968033004","0.65718747483832773426","1.1422635269768166566"
"10/28/2021 14:29:57.605","35357.791457591767539","4069.9616066292683172","55.851489551330800509","0","1.4129073612457632159","2.1891836812359510844","0","2.965460001226138953","1.4129073612457632159","1.4129073612457632159","0.63663104125557534729","1.2188357971639862676"
"10/28/2021 14:29:59.604","0","10245.693531895674823","55.851017999428101746","0","0","0.72467795773420995431","0","2.2880688560376172269","0","0","0","0.13840887229588094698"
"10/28/2021 14:30:01.593","39120.274384811011259","24707.54171672274606","55.849917711655130859","0.25164107570943006209","1.8224813737297451688","4.1787418207602344822","0.25164107570943006209","1.8224813737297451688","0.25164107570943006209","4.1787418207602344822","1.0370612247195820643","1.7243000850867606921"
"10/28/2021 14:30:03.602","0","0","55.847685727255345967","0.43269957419048710179","0","1.2105691087671233142","0","1.2105691087671233142","0","1.9884386433437595265","0","0.33546712695965430484"
"10/28/2021 14:30:05.600","35863.897908371247468","61480.96784292213124","55.845988135749003334","1.4964385865380624985","1.4964385865380624985","3.0599871804025347011","0","0.71466428960582639718","0","3.8417614773347708024","0","1.3009975139827489876"
"10/28/2021 14:30:07.597","0","14361.052137401089567","55.843378895857235023","0","0","2.1782404739699279261","0","0.6130923215534545001","0.6130923215534545001","1.3956663977616967642","2.1782404739699279261","0.80873333636847233308"
"10/28/2021 14:30:09.593","98483.634148687211564","22569.166159074153256","55.665887649093257039","0.59465622920784610983","0","0.59465622920784610983","0.59465622920784610983","0.59465622920784610983","0","1.3773754714975439128","0","0.20329660806299720832"
"10/28/2021 14:30:11.608","0","26430.970656648893055","55.662743993024974998","0.72432525053953700223","0","5.3778725044205000216","0.72432525053953700223","0.72432525053953700223","0.72432525053953700223","5.3778725044205000216","1.4999164595197012062","1.8877120640097833082"
"10/28/2021 14:30:13.603","16418.013197942178522","0","55.660417688931438818","0.56414174709059627943","2.9130202884979028433","6.827817857510087407","0","1.3471012608930355015","0","2.1300607746954747235","0","1.444969947383112352"
"10/28/2021 14:30:15.604","0","4190702.9220150900073","55.656425225468453277","17.974262129584893444","0.78791705197410744077","3.1315095625573996507","1.5691145555018715108","41.410187235417780016","0.0067195484463433707845","9.3810895907795011084","0.78791705197410744077","9.3810895907795011084"
"10/28/2021 14:30:17.596","0","0","55.65607942539642039","0.41570093420423281927","0","1.9839576124057400897","0","100","1.1998292733049864545","1.9839576124057400897","0","13.059774166019922248"
"10/28/2021 14:30:19.588","51413.819793758280866","32904.844668005302083","55.831370096614442389","1.9336364677079553864","0.36457465119128507069","11.348007366807987495","0.36457465119128507069","82.740320018316594997","8.2098837337746477516","2.7181673759662960954","0.36457465119128507069","13.505464854019511023"
"10/28/2021 14:30:21.593","35495.125529941855348","40857.698451731630485","55.831370096614442389","0.24488384688846620563","0.24488384688846620563","20.507641815489240145","0.24488384688846620563","1.02422069183465414","1.8035575367808309721","4.141568071619383673","0.24488384688846620563","3.5570679317876496839"
"10/28/2021 14:30:23.598","0","142973.42844417266315","55.831370096614442389","0","1.0516116289655985661","1.0516116289655985661","0","0","0","0","1.0516116289655985661","0.077707675433025258371"
"10/28/2021 14:30:25.589","0","24694.043702408438548","55.823982496704907419","2.66242263106962751","1.0924617057643026818","1.8774421684169650959","0.30748124311164026778","1.8774421684169650959","1.0924617057643026818","1.0924617057643026818","0","1.1905830076271439744"
"10/28/2021 14:30:27.600","35377.271147187850147","18324.917428759174072","55.832344632556740294","1.3543123930152556333","1.3543123930152556333","1.3543123930152556333","0","2.1310500907080531796","0","2.1310500907080531796","0","0.8688525747375774877"
"10/28/2021 14:30:29.597","0","75891.93251611161395","55.830458448229002499","0","0","3.7615073069897086988","0","0.63180022754222298076","0.63180022754222298076","2.9790805371278428204","0","0.92521151812325896913"
"10/28/2021 14:30:31.584","0","2062.0901589516083732","55.828666560311958733","0.88277388676062384931","1.6694185384530046967","1.6694185384530046967","0.096129235068254104135","2.4560631901453744419","0.096129235068254104135","6.3892864486072564745","0.88277388676062384931","1.7677478612831087901"
"10/28/2021 14:30:33.592","16317.858010234218455","87708.486805008928059","55.828666560311958733","1.1898202124037360328","0","2.7458860358304471028","0.41178730069038049777","0.41178730069038049777","0.41178730069038049777","2.7458860358304471028","1.1898202124037360328","0.9953144741807085083"
"10/28/2021 14:30:35.593","1912324.7309184207115","61407.269925129912735","56.010496047327876568","4.7291143228637704254","1.6054787268920955867","7.8527499188354550341","0.82456982789916866139","3.9482054238708541583","0.82456982789916866139","7.0718410198425285529","5.5100232218566969067","4.0458177867907281211"
"10/28/2021 14:30:37.594","0","26607.256053765366232","56.011030463504376087","0.064058938220601380209","0.064058938220601380209","3.9678066359463581847","0.064058938220601380209","2.4063075568560576833","0.844808477765757182","3.9678066359463581847","0.844808477765757182","1.5279655740670250452"
"10/28/2021 14:30:39.607","8137.3657265121964883","252258.33752187807113","56.011030463504376087","1.442217909809651033","0","3.7703544946173006558","0","0.66617238154044189358","1.442217909809651033","5.3224455511557300369","0","1.442217909809651033"
"10/28/2021 14:30:41.604","0","16415.300695365924184","56.016154646877239998","0","0","0.5931822414826593004","0","0.5931822414826593004","0","2.158643938467186274","0","0.29965692092870366281"
"10/28/2021 14:30:43.599","0","0","56.016154646877239998","0.55851599204478352689","0","1.3415198031310415772","0","1.3415198031310415772","0","2.9075274253035687799","0.55851599204478352689","0.65639021562446941971"
"10/28/2021 14:30:45.597","41010.590664643903438","135334.94919332486461","56.055670500745925722","0.66270584001417720543","0.66270584001417720543","2.2270726771793092347","30.385675746151676435","3.0092560957618808004","0","4.5736229329270123856","0.66270584001417720543","5.2580346756802232022"
"10/28/2021 14:30:47.590","8217.9922768729084055","28762.972969055179419","56.055670500745925722","1.2499561110916102002","0","0","100","0.46622560403677404395","0","0.46622560403677404395","1.2499561110916102002","12.80997858221270036"
"10/28/2021 14:30:49.600","0","26495.851489478562144","56.055418997084579757","0","0.48196583943959092622","0","63.458221831669227697","0.48196583943959092622","36.246259365890985293","0.48196583943959092622","0","12.532977788569954924"
"10/28/2021 14:30:51.585","153463.40982760253246","35077.350817737722537","55.991414016110688578","0.81889462147981539886","1.6060462514680740043","0.81889462147981539886","0.031742991491556793449","0.031742991491556793449","40.963627750880839073","0.81889462147981539886","1.6060462514680740043","5.836987522097548009"
"10/28/2021 14:30:53.590","0","0","55.989842176435011822","1.0093492070895604407","0.2298952638382978364","1.0093492070895604407","1.0093492070895604407","1.0093492070895604407","0","3.3477110368433482535","0.2298952638382978364","0.91191871130946733359"
"10/28/2021 14:30:55.602","0","142499.21213422139408","55.989622128193637707","0.60010203399526451662","0","2.1532254397140904167","0","0.60010203399526451662","0.60010203399526451662","3.7063488454329052146","0","0.69717100435396917035"
"10/28/2021 14:30:57.595","35707.540950179434731","88369.741632098739501","55.989087712017138188","0.4368511116804141281","0.4368511116804141281","0","0","0.4368511116804141281","1.2208129139506418426","0","1.2208129139506418426","0.33885714073551564951"
"10/28/2021 14:30:59.581","8248.6218397568263754","28870.176439148894133","55.985000952143458619","0.88385173281457785066","0.88385173281457785066","3.243760024890429694","0.097215635455971671774","0.88385173281457785066","0","0.88385173281457785066","0","0.49053368413527476122"
"10/28/2021 14:31:01.592","0","4073.5753749186105779","55.978933664965190076","3.6539398701130765268","0","3.6539398701130765268","0.5460024465683388506","1.3229868024545288208","2.0999711583407076887","1.3229868024545288208","1.3229868024545288208","1.6143571790868116445"
"10/28/2021 14:31:03.604","0","0","55.992199935948526957","1.3643298324121921894","0","1.3643298324121921894","0","2.1409886526294164","0","0","0.58767101219495687658","0.58767101219495687658"
"10/28/2021 14:31:05.592","21631.627684922426852","14421.085123281618507","55.990942464207982709","0.19902608834549972983","0.98486052859474426668","0.98486052859474426668","0.19902608834549972983","1.7706949688439888035","0.98486052859474426668","3.3423638493424889795","0.19902608834549972983","1.0830885762907915826"
"10/28/2021 14:31:07.608","0","26420.975936707156507","55.990250864063916936","0.75893118758264543899","0","0","0","0.75893118758264543899","0","2.3095728877766563691","0.75893118758264543899","0.56509849403166834136"
"10/28/2021 14:31:09.598","0","0","55.980254000979535078","0.31556919728357168964","0","3.4552363091801541195","0.31556919728357168964","1.1004859752577145215","0.31556919728357168964","1.8854027532318573535","0","0.80614595111794251636"
"10/28/2021 14:31:11.596","0","104547.36181266675703","55.979656720529227698","0","0","2.2513090629808663046","0","1.4693195354847032874","0.68733000798855137248","0.68733000798855137248","0","0.3940826839942568327"
"10/28/2021 14:31:13.590","16438.392173944757815","88356.357934953077347","55.978367816651783073","0.45196500985961174379","0","1.2358078050575649343","0.45196500985961174379","0.45196500985961174379","0","1.2358078050575649343","0.45196500985961174379","0.45196500985961174379"
"10/28/2021 14:31:15.600","0","18338.90529809004147","55.977456144983285924","2.0643272837815418441","0","2.0643272837815418441","0","2.0643272837815418441","0.50979279622251905124","4.3961290151200760334","2.0643272837815418441","1.5785365000469342434"
"10/28/2021 14:31:17.598","0","14348.402041304399972","55.976858841249921284","2.2593558408007363703","0","2.2593558408007363703","0","2.2593558408007363703","0","1.4774306875271481232","0","0.98872371349041365818"
"10/28/2021 14:31:19.597","0","22545.603607296576229","55.972489168861059738","0.70171207136916491365","0.70171207136916491365","0","0.70171207136916491365","0.70171207136916491365","0","1.4835883542717698269","0","0.40851221828684947113"
"10/28/2021 14:31:21.581","35860.133788209350314","16511.140737017252832","55.971829000853887237","0.79612526671670735823","0.0087929275636611237132","1.5834576058697424905","0.0087929275636611237132","1.5834576058697424905","0.0087929275636611237132","3.9454546233288700918","0.79612526671670735823","1.0913711147038651639"
"10/28/2021 14:31:23.596","0","0","55.914174196290353791","0.73984548767308533357","3.0662553590557473093","2.2907854019281859159","0","2.2907854019281859159","0","4.6171952733108483358","0","1.5153154448006356247"
"10/28/2021 14:31:25.595","0","10244.400994667308623","55.912382308373324236","0","0","0","0","0.74135795176081265012","0","0","0","0"
"10/28/2021 14:31:27.593","35615.94037532859511","77893.855209351750091","55.911847892196810506","0.68740456294175134033","0.68740456294175134033","4.5973492651881446847","0.68740456294175134033","2.2513824438403107209","1.4693935033910254795","3.8153603247388589992","1.4693935033910254795","1.9581353399895196077"
"10/28/2021 14:31:29.595","16372.569490610128923","38884.852540199055511","55.911502092124777619","0.067968771040372022441","0.067968771040372022441","3.190844746945364907","0","0.84868776501662024359","0.067968771040372022441","3.9715637409216131282","0","0.75109913991998622507"
"10/28/2021 14:31:31.591","0","24621.030633978014521","55.910401804351806732","0.60371332255106935349","0.60371332255106935349","1.3863612491451626774","0.60371332255106935349","2.9516571023333382229","0","2.169009175739244899","1.3863612491451626774","1.0928670244356952779"
"10/28/2021 14:31:33.592","0","0","55.732281821717577941","0.030070954656835624519","0","3.1541312373238095113","0.030070954656835624519","2.3731161666570743662","1.592101095990328119","1.592101095990328119","0","0.81108602532358187176"
"10/28/2021 14:31:35.605","35603.744234383899311","26448.495716970897774","55.601285364385987009","0","2.2087680251903218931","6.8654933573241150313","1.4326471365013637715","1.4326471365013637715","0","2.2087680251903218931","0","1.7236937115531425491"
"10/28/2021 14:31:37.592","17442347.535611826926","160823.09886995254783","55.68503256786732436","5.6145642113684113284","5.6145642113684113284","9.5472907025613835685","4.0414736148912115965","4.8280189131298056893","4.0414736148912115965","13.480017193754367355","4.8280189131298056893","6.4994264134143548972"
"10/28/2021 14:31:39.602","3655006.1861630696803","444651.67231331660878","56.380725315860644287","13.740461280328041482","12.96334831888955641","18.403139048958962576","11.409122396012582712","13.740461280328041482","8.3006705502586370926","12.96334831888955641","7.5235575888201626782","12.380516084572168012"
"10/28/2021 14:31:41.593","5379972.7922204714268","498321.81194490625057","57.266106702682115781","23.879366153997594324","17.601375733708735538","21.525119746389275832","30.942105376822560459","20.740370943853172037","20.740370943853172037","24.664114956533701672","16.031878128636524394","22.015586492376261418"
"10/28/2021 14:31:43.595","10312769.809719711542","120739.85737784209778","57.547653200465177292","8.6689976128667574073","35.990237643205759355","44.576913081312305565","22.719921057041105428","28.964775921118590674","14.91385247694424443","32.087203353157335073","14.133245618934564547","25.256895843514527655"
"10/28/2021 14:31:45.582","2772875.9548320476897","53602.063067385308386","57.853028680629336122","7.9842700100520858086","22.926995393035078052","41.015557698751337057","12.703025394151978844","12.703025394151978844","10.343647702102032326","46.52077231353454323","6.411351548685450652","20.076076906803752564"
"10/28/2021 14:31:47.589","3573760.3387305494398","234662.73011434625369","57.896568430097907765","6.5804064185787662922","3.4664199658647310009","50.954713369753854124","1.9094267395077135774","6.5804064185787662922","4.2449165790432452638","14.365372550363876059","6.5804064185787662922","11.83526104872287732"
"10/28/2021 14:31:49.603","3195968.8107187207788","268470.53250488976482","58.019517119512777015","8.4575493017228779991","9.2333327822167525767","15.43960062616773854","5.3544153797473796885","10.009116262710627154","2.2512814577718809339","6.9059823407351288438","6.9059823407351288438","8.0696575614759407102"
"10/28/2021 14:31:51.592","10031531.47267155163","498167.11378971714294","57.954003163137016941","8.90159804439751845","1.833618582324914037","8.90159804439751845","2.6189496336663120601","5.7602738390319156991","1.833618582324914037","4.974942787690517676","13.613584352445917247","6.0547742398146198184"
"10/28/2021 14:31:53.594","17341238.622650980949","924825.13840841781348","57.821843553758654366","6.3394364721127800522","0.095398903586962902068","7.1199411681785118589","0.87590359965269426468","5.5589317760470491336","0","3.2174176878498772503","20.388521001295867308","5.3638031044155987104"
"10/28/2021 14:31:55.582","14546665.982930378988","53593.115547222114401","57.888772142559474787","8.7911080363160856166","5.6459738306718136869","7.2185409334939443227","4.0734067278496706166","6.4322573820828843338","4.0734067278496706166","4.0734067278496706166","31.593331027237059772","8.9876814402762192913"
"10/28/2021 14:31:57.584","2331475.860013443511","75687.305830662342487","58.038724902560630881","2.4497383592726462709","0","0.888934173021016516","0.10853207989519608745","1.6693362661468369446","1.6693362661468369446","0.888934173021016516","3.2301404523984666994","1.2791352195839267303"
"10/28/2021 14:31:59.589","1283558.1324473381974","26559.897686932585202","58.024987079674602342","1.0202070162214416094","1.0202070162214416094","1.7995754649126061153","0.24083856753026600117","0.24083856753026600117","0.24083856753026600117","0.24083856753026600117","10.372628400515470304","1.8969952740094830901"
"10/28/2021 14:32:01.600","1220456.6680564568378","61086.465137340899673","58.16478579262383164","0.57797502886594021021","6.0151170194748360132","6.0151170194748360132","2.1314441690399088536","6.7918515895618263301","0","5.2383824493878456963","6.7918515895618263301","4.17037117274293756"
"10/28/2021 14:32:03.591","1207839.0136072481982","526757.72995477949735","58.390658036430984623","6.5877238421889083853","7.3727009527587483717","14.437494947887319796","5.8027467316190683988","8.1576780633285892463","4.2327925104793777678","7.3727009527587483717","19.932334721876198813","9.2370228463254928641"
"10/28/2021 14:32:05.603","3911772.4120615269057","136616.92151905829087","58.85189633324088021","6.0638542704259945637","3.734858921758876793","25.472148842652032386","7.6165178362040837357","8.3928496190931234366","4.5111907046479160499","6.8401860533150333765","3.734858921758876793","8.2958093883628407639"
"10/28/2021 14:32:07.597","3134830.029310057871","191126.24287525060936","58.407445195691529705","17.68934648664892606","9.0663256423931031236","24.744545359221881142","6.7145926848687924604","16.121524514966058206","5.9306816990273514278","12.201969585758853043","6.7145926848687924604","12.397944823704065698"
"10/28/2021 14:32:09.583","3855666.6095159989782","1167009.2518642006908","57.87915253496709056","4.0371550013015733427","3.2505743045909252231","27.634575902620859722","4.8237356980122108041","9.5432198782760657707","2.4639936078802882058","7.1834777881441436165","4.0371550013015733427","7.8717371562950670949"
"10/28/2021 14:32:11.592","5920023.3451215503737","808214.32072073174641","57.983993705824012466","2.7741058366300364035","1.9962986833230722539","19.108056056076183182","6.6631416031648349474","5.8853344498578703536","2.7741058366300364035","3.551912989936989451","5.8853344498578703536","6.0797837492017166028"
"10/28/2021 14:32:13.595","6332765.963140274398","43965.115869228138763","58.05441177404821218","0.14264622986064345866","6.3837308404943504669","18.865900061761774253","5.6035952641651398665","10.284408722140426562","1.7029173825190757618","11.844679874798845987","2.4830529588482863623","7.1638664168235717256"
"10/28/2021 14:32:15.593","9627206.0682477708906","1065874.7336964583956","57.933820844146843854","4.6149167208787478245","3.0512268310570966889","17.124435839452033292","3.8330717759679222567","7.7422965005220723","0.70569199632459778115","11.651521225076223232","3.0512268310570966889","6.4717997159938871476"
"10/28/2021 14:32:17.607","2590742.4342833762057","215640.90933179258718","57.860196232297496977","9.2030519992538089014","1.4426290932071261786","7.650967418044474222","3.7707559650211330826","5.3228405462304673179","2.9947136744164604139","6.8749251274398019973","2.9947136744164604139","5.0318234455860473275"
"10/28/2021 14:32:19.595","985209.02300430368632","243019.941916922573","58.001535352785495547","3.3602499079423919781","1.003182832526350321","11.217140159329186844","0.21749380738766976862","5.717316983358422533","1.7888718576650308734","6.5030060084971026413","3.3602499079423919781","4.1459389330810729746"
"10/28/2021 14:32:21.584","2628982.6668733768165","350153.40583172976039","57.98716881731225925","3.3545105653666196233","4.9259819382874940885","8.8546603705896629322","4.9259819382874940885","9.6403960570500935034","0.21156781952488268317","8.0689246841292305845","1.7830391924457567043","5.2206340778872544206"
"10/28/2021 14:32:23.586","2693064.3128120470792","660987.66948198422324","58.025898751343106596","0.86046744348927672874","0.86046744348927672874","6.3248511277064096703","4.7635986465015101032","3.9829724058990656488","0.86046744348927672874","0.86046744348927672874","3.2023461652966211943","2.7144560139220730299"
"10/28/2021 14:32:25.599","402741.89539590105414","685983.35465791728348","57.968872682649838168","2.2414817882397852777","1.4656205325908944204","8.4483718334309010345","0","3.7932042995375669925","2.2414817882397852777","4.5690655551864578499","0.68975927694200356299","2.9203616283105637841"
"10/28/2021 14:32:27.589","135892.51775302612805","366498.00242482806789","57.968338266473338649","0.24011246606090441702","0.24011246606090441702","2.5966452424531660803","0.24011246606090441702","1.0256233915249879374","0.24011246606090441702","2.5966452424531660803","0.24011246606090441702","0.92743075538953556602"
"10/28/2021 14:32:29.604","347579.93076449312503","995989.27529006800614","57.980409929989932039","0.7518444773463084374","0.7518444773463084374","7.7302304125329008855","0","0.7518444773463084374","0.7518444773463084374","3.0779731224085060681","0","1.721067227326111837"
"10/28/2021 14:32:31.601","831221.54999698873144","668463.09046936384402","57.975034266238814951","2.2237443125820433032","5.3525844945794265328","13.174684949572856851","5.3525844945794265328","5.3525844945794265328","2.2237443125820433032","5.3525844945794265328","1.4415342670827002713","5.0592544759811008959"
"10/28/2021 14:32:33.586","1350788.1361339152791","92890.87469115749991","58.843502765252139852","25.198267739279621935","3.1514413887515080326","11.812694597887551495","3.9388280441275180799","14.962241219391570368","6.3009880102555264614","2.3640547333755090875","2.3640547333755090875","8.7615700484868881404"
"10/28/2021 14:32:35.599","1935450.9580564701464","63073.828856505198928","58.376071429433316951","20.055041374418948408","2.2032544968620060288","9.9649009653650200136","6.0840777311135134653","2.2032544968620060288","3.7555837905626110462","6.8602423779638215251","3.7555837905626110462","6.8602423779638215251"
"10/28/2021 14:32:37.594","3843666.5982344485819","209402.58673783615814","58.06783522899910821","13.850559453840361357","7.5851455959378473182","16.983266382791629923","24.815033705169774692","7.5851455959378473182","6.0187921314622139235","9.151499060413481601","4.452438666986591187","11.305237580233008288"
"10/28/2021 14:32:39.599","1484406.3846516872291","598970.99731559318025","58.113292594932318025","9.6165948419873696906","1.0457546976930687244","27.537442416420908842","4.1624238410728153781","8.8374275561424298076","4.9415911269177437148","6.4999256986076225928","4.1624238410728153781","8.350449249156998377"
"10/28/2021 14:32:41.588","2943570.8901171577163","18532.450514903404837","58.227533325140257148","11.237327895305771364","4.1677345418345446149","15.95039013095325231","7.3097760322662015398","8.8807967774820255613","3.3822241692266330482","4.1677345418345446149","2.5967137966187214815","7.211583465240423152"
"10/28/2021 14:32:43.596","2798412.9489086233079","77535.320494733998203","58.145106457673264799","2.7058690260718609721","3.4842220738632856403","17.494576934108941657","0","1.1491629304890116359","0","1.927515978280436304","0","3.1923434170361364437"
"10/28/2021 14:32:45.590","7913293.4751131208614","51358.34290701662394","57.992041497023784302","3.610502925601477564","3.610502925601477564","4.3941573733608185748","2.0431940300828066448","1.2595395823234656341","3.610502925601477564","0.47588513456412462332","0.47588513456412462332","2.4350212539624660479"
"10/28/2021 14:32:47.599","9096856.1071910820901","20386.25381184622529","57.403170447191968151","5.1240526963283850037","1.2356942002762716371","12.900769688432610849","4.3463809971179596658","12.123097989222186399","8.2347394931700730325","13.678441387643037075","1.2356942002762716371","7.3598550987341919694"
"10/28/2021 14:32:49.583","1762239.7790912091732","464358.30806092463899","57.390155679869970129","3.9478988209210919003","2.3732742114280003243","22.056081830091713414","0.79864960193489764606","6.3098357351607408106","0.79864960193489764606","6.3098357351607408106","11.033709563640027085","6.7034918875340077093"
"10/28/2021 14:32:51.594","282187.29977083124686","195595.52908303105505","57.390155679869970129","0.50874356521644070739","1.286019006113192642","5.949671651493670943","0.50874356521644070739","2.840569887906685409","0.50874356521644070739","5.949671651493670943","0.50874356521644070739","2.2576157945155328477"
"10/28/2021 14:32:53.606","139221.05129829258658","48867.352558084421617","57.38154204035679129","0","0.59176726862659734252","2.145020905054306759","0","0.59176726862659734252","0","2.9216477232681614673","0","0.68884437830041278517"
"10/28/2021 14:32:55.591","1644808.3404318171088","837750.90006626036484","57.387326368453749126","0.029169441709986365652","0.029169441709986365652","8.6880602774673914013","0.81634133586975243801","3.9650289125088056252","2.3906851241892734805","5.5393727008283271118","1.6035132300295074081","2.8826662985640960635"
"10/28/2021 14:32:57.596","99546.725392321692198","159274.76062771468423","57.385880280608745352","0.29429634020742279077","1.8521979598916882281","8.8627552484708544966","1.0732471500495610606","2.6311487697338153957","0","4.1890503894180692868","1.0732471500495610606","2.3390459550069020445"
"10/28/2021 14:32:59.589","236160.03841776467743","232305.4131987587316","57.368967369517534394","1.193774929281088415","2.7621277081813944143","13.740597160483492445","2.7621277081813944143","1.9779513187312414146","3.5463040976315363118","3.5463040976315363118","0.40959853983094651753","3.7423456856296333228"
"10/28/2021 14:33:01.594","1484616.1185219970066","843682.77530042629223","57.387420688147514625","4.147286027191721125","2.5887053121867120709","10.381608887211768888","3.3679956696892165979","4.9265763846942256521","0.2508342396791873874","5.7058667421967301792","0.2508342396791873874","3.9524659315452348451"
"10/28/2021 14:33:03.581","613162.26755513867829","354500.53788061800878","57.40942632719162475","4.0773262802009879735","0.93232058446987009503","15.871097639192665696","1.7185720084026523402","5.6498291280665409175","0.93232058446987009503","0.93232058446987009503","0.93232058446987009503","3.8807609082132321632"
"10/28/2021 14:33:05.594","665104.38273716683034","183196.31047083399608","57.417254046866958106","2.1610590728043943543","0.60806001046795898901","6.0435567286454938696","0.60806001046795898901","3.7140581351408408217","1.3845595416361766716","7.5965557909819292348","2.9375586039726120369","3.1316859715631695238"
"10/28/2021 14:33:07.599","2003367.5448884218931","610764.10494176717475","57.418197150672369844","2.6001356628945648808","0","11.950522639256689672","2.6001356628945648808","3.3793345775914085394","2.6001356628945648808","4.158533492288252198","1.0417378335008775636","3.4767331952102464854"
"10/28/2021 14:33:09.583","0","0","57.438756701871461985","0.0097099232240882571432","0.0097099232240882571432","1.5843601606536306114","0.0097099232240882571432","1.5843601606536306114","0.0097099232240882571432","1.5843601606536306114","0.79703504193885388318","0.6986206618197043916"
"10/28/2021 14:33:11.590","633673.50504196446855","563492.18652140861377","57.44215186160107578","5.7684816136831962297","4.2109358552316784596","4.9897087344574426737","1.8746172175544084659","5.7684816136831962297","2.6533900967801615778","3.4321629760059257919","1.0958443383286442518","3.7241990676057601384"
"10/28/2021 14:33:13.592","851828.0790419530822","501225.76851462863851","57.405182383350371822","1.6625730825025941684","0.10166154412961647679","3.2234846208755607577","6.3453076976215161409","5.5648519284350328462","2.443028851689077463","3.2234846208755607577","0.88211731331609977147","2.9308174536183284609"
"10/28/2021 14:33:15.601","0","0","57.41492774277341482","0.45270625042027612395","0","6.6744121097690118916","0.45270625042027612395","4.3412724125132307051","1.2304194828388625993","5.1189856449318282827","0","2.1053456249686131052"
"10/28/2021 14:33:17.586","6590879.4750536391512","1145073.7544701108709","57.618574252728969043","15.004768547281654989","2.4128824061381948241","17.365747198746049662","2.4128824061381948241","5.5608539414240603094","3.9868681737811217936","4.7738610576025912735","1.6258895223167257882","6.6429704158671887271"
"10/28/2021 14:33:19.596","2776733.7347274501808","811037.53888379060663","57.342749218769085928","4.3795758804131557085","0.49256676986084713121","8.2665849909654749439","1.269968591971315508","2.0473704140817727826","4.3795758804131557085","2.8247722361922411594","1.269968591971315508","3.1162941879549155288"
"10/28/2021 14:33:21.592","3124740.7586796851829","18475.924663294514176","57.361265401672866915","2.1147523574025273163","0.54858839512096357893","16.99330999907734352","2.8978343385433036339","2.1147523574025273163","5.2470802819656441329","1.3316703762617509987","2.1147523574025273163","4.170346316690576316"
"10/28/2021 14:33:23.604","3362392.0088807884604","183181.16271142309415","57.384214144522374568","1.3959035653303364377","2.1723137734773412255","47.204105846003642455","2.1723137734773412255","11.489236271241399123","1.3959035653303364377","7.6071852305063742961","0.61949335718333164991","9.2570556805624306662"
"10/28/2021 14:33:25.588","1355653.8171456204727","126431.3609443003661","57.364094689806009342","1.5654576036346568024","0.77798126446373405685","30.702082152958798389","2.352933942805579548","3.9278866211474250392","2.352933942805579548","2.352933942805579548","3.1404102819765022936","5.8965774690747370101"
"10/28/2021 14:33:27.591","3338371.8578914385289","560357.69297021464445","57.372645465045394531","3.2677284666474570862","0.92743157471151249638","33.691588061814790933","3.2677284666474570862","8.7284212144980060089","2.4876295026688088896","9.5085201784766546496","3.2677284666474570862","8.1433444951973363857"
"10/28/2021 14:33:29.602","4730162.5580675508827","132383.45157132006716","57.3721110488688808","2.8824658179843476447","0.55164499761597429739","21.529032380931354851","0","5.2132866383527209919","10.651868552545607827","5.2132866383527209919","2.1055255445282194948","5.9902269118088486977"
"10/28/2021 14:33:31.601","2757036.2780410419218","6146.6670388281472697","57.210935409462763346","0","0.73553375006859544882","21.057392982338019038","0.73553375006859544882","3.8619736319561948079","1.517143720540492513","1.517143720540492513","1.517143720540492513","3.8619736319561948079"
"10/28/2021 14:33:33.590","3406708.2058626515791","30895.177199479909177","57.217034128777925162","4.1479777222049758478","2.5766330947001425677","34.789197958549287648","1.7909607809477257057","3.3623054084525594298","4.1479777222049758478","2.5766330947001425677","1.7909607809477257057","6.8978308203384353092"
"10/28/2021 14:33:35.604","4899482.3629560777918","63048.548464773106389","57.250199759670117317","1.4678564624200918232","1.4678564624200918232","30.949915158703845464","3.7953874121267050512","2.2437001123222999333","0.6920128125178948153","8.4504493115399306191","0.6920128125178948153","6.2199025421206144415"
"10/28/2021 14:33:37.599","8273315.1031284667552","0","57.241963375648943213","0.51500826511911013128","1.2983546567323478449","21.665360838676463118","0","2.0817010483455855585","4.4317402231852875971","1.2983546567323478449","2.0817010483455855585","4.1379840729760974938"
"10/28/2021 14:33:39.586","6027021.9892311505973","72124.376313561937422","57.226968104305441898","0.9540607954665492052","0.9540607954665492052","23.750348390160759493","0.16798191289089103861","0.9540607954665492052","4.8844552083448622426","2.5262185606178766406","1.740139678042218474","4.4914157670570276082"
"10/28/2021 14:33:41.590","5456728.0752291223034","2043.8140644146722025","57.470507700338615109","2.5392902949167961424","5.6580330054794565342","24.370489268855433096","1.7596046172761226067","6.4377186831201189676","6.4377186831201189676","3.3189759725574585758","1.7596046172761226067","6.5351781453281247991"
"10/28/2021 14:33:43.601","5817327.4932759357616","67744.029122292224201","57.48323955514543826","6.7386243255710409628","0.52119928060910813983","30.053968244178275171","19.950652546115144048","33.162680766659249798","2.0755555418495830189","16.064761893013933758","2.8527336724698315606","13.92752452077828984"
"10/28/2021 14:33:45.591","741084.42338181566447","201669.62441212893464","57.485974523584815188","8.151181058370704946","16.7865401041649136","23.066801228378885469","4.2260178557369743046","4.2260178557369743046","0.30085465310324410737","1.8709199341567339658","2.6559525746834844462","7.6605318898848135944"
"10/28/2021 14:33:47.593","1886839.9326148573309","82347.852846568726818","57.442088997327275024","4.0045733157813128145","1.6632214454345151111","10.248178303372768028","5.5654745626791735091","9.4677276799238434535","1.6632214454345151111","2.4436720688834512316","8.6872770564749064448","5.467919483469052544"
"10/28/2021 14:33:49.609","2438459.3894939608872","124488.9665401167731","57.27946727007614669","15.49050958112468912","4.6360796190673125849","19.367091710430905493","12.389243877679733785","19.367091710430905493","14.715193155263451175","12.389243877679733785","3.8607631932060737512","12.776902090610352758"
"10/28/2021 14:33:51.608","2904092.2978441235609","358529.91331408935366","57.31301015646034358","12.47099726494374039","10.126470405969012489","22.630613653834195986","4.655907735027997596","7.7819435469942970229","7.7819435469942970229","7.0004345940027246087","8.5634524999858676608","10.126470405969012489"
"10/28/2021 14:33:53.603","758339.03021562215872","240204.85017997369869","57.264063334386804627","2.8851798072750733937","2.1019957734627725543","3.668363841087374233","2.1019957734627725543","2.1019957734627725543","2.1019957734627725543","4.4515478748996750724","1.3188117396504828172","2.5914845415010101526"
"10/28/2021 14:33:55.596","2531396.2246351614594","152094.4448375130014","57.275694878137592525","5.9145099596139889542","2.7783269582677960763","14.539013213316042794","2.7783269582677960763","10.618784461633289595","4.3464184589408922932","5.9145099596139889542","6.6985557099505381728","6.6985557099505381728"
"10/28/2021 14:33:57.595","1115582.9288034390192","125519.08957834330795","57.232155128669027988","2.2809557421599069293","2.2809557421599069293","11.661983990912560216","3.8444604502853585437","9.316726928724394341","3.0627080962226327365","6.9714698665362391239","3.8444604502853585437","5.4079651584107990558"
"10/28/2021 14:33:59.583","3777943.9865320608951","41204.569723594395327","57.281259157993190456","5.6913390698148162983","13.550394147330246497","14.336299655081784721","1.7618115310571003107","2.5477170388086389785","4.1195280543117274163","3.3336225465601887485","4.1195280543117274163","6.1825337845059724629"
"10/28/2021 14:34:01.595","754579.42584083927795","252374.50790091455565","57.29575144529709263","0.61076177726444580429","0","9.928502860645904704","0.61076177726444580429","3.7166754717249284035","0.61076177726444580429","7.599067589800534428","2.1637186244946815528","3.1343141692826370637"
"10/28/2021 14:34:03.586","390371.73855195153737","473177.86491145641776","57.306031244179713724","1.1165306088725457379","0.33174116926042440667","1.901320048484667069","0.33174116926042440667","2.6861094880967884002","1.1165306088725457379","2.6861094880967884002","0.33174116926042440667","1.3127304801017869451"
"10/28/2021 14:34:05.596","1939351.7663138606586","757193.04381040390581","57.319831908056471548","3.5907866529044873971","2.0357993408545604908","5.9232676209793773126","2.0357993408545604908","7.4782549330293051071","0.4808120288046335844","6.7007612770043412098","0","3.4935962139318155195"
"10/28/2021 14:34:07.587","962313.49344634695444","251507.90929730821517","57.31866875600970701","1.9031726240477553347","0.33362338603252217339","1.9031726240477553347","1.1183980050401332029","1.1183980050401332029","0.33362338603252217339","1.1183980050401332029","0.33362338603252217339","1.020302433303577061"
"10/28/2021 14:34:09.590","1583641.2282455242239","732405.31872707314324","57.356329857687541107","0.95255750416866069585","2.5123597481975012968","4.8520631142407673053","4.0721619922263414537","3.2922608702119271484","0.95255750416866069585","5.6319642362551824988","0.17265638215424594648","2.8048239167947075501"
"10/28/2021 14:34:11.605","471728.98458175669657","1571752.1770762840752","57.352400258498356322","1.4930807002438983844","0","3.044370767956594559","0","0.71743566638754474596","0","6.9225959372383290003","1.4930807002438983844","1.6869894766438742195"
"10/28/2021 14:34:13.595","612951.79784712090623","1327247.7032694688533","57.351708658354297654","5.8001675400540246841","0.30517731322383667703","0.30517731322383667703","0","0","1.0901759170567237867","10.510159163051312703","2.6601731247224869037","2.4639259857597961556"
"10/28/2021 14:34:15.583","467722.58791555004427","1213606.18626545812","57.394399623711223057","1.7581153895544376908","0.97218031267087834379","1.7581153895544376908","0.97218031267087834379","2.5440504664380081401","1.7581153895544376908","3.3299855433215674871","2.5440504664380081401","1.9545966437830908369"
"10/28/2021 14:34:17.590","2934441.6398033862934","141812.21657806891017","57.434827125965348671","7.3672244452981257012","13.594637927967156088","14.373064613300790882","2.6966643332963502466","21.378904781303454286","2.6966643332963502466","8.9240778159653810775","15.151491298634422122","10.772842439115448698"
"10/28/2021 14:34:19.600","2112439.9684981433675","71858.633427801745711","57.415399294676120689","2.8015546774691202359","16.798130803913569054","9.0222551781110933433","2.0239671148888693786","23.018831304555543937","1.2463795523086296235","4.3567298026296104041","3.5791422400493710931","7.8558738342407234967"
"10/28/2021 14:34:21.599","4127552.3666769131087","47125.194556251677568","57.370916441402144414","5.422454291375633062","17.146943428808402388","12.457147773835297144","1.514291245564702848","21.055106474619321943","5.422454291375633062","7.7673521188621812428","14.020412992159659638","10.600769076462924545"
"10/28/2021 14:34:23.588","1693603.5387686386239","53528.268661886773771","57.432343637904239131","3.4012122177166648207","1.0451442230268281897","15.181552191165847532","0.25978822479688634672","2.6158562194867229778","7.3279922088663962398","2.6158562194867229778","3.4012122177166648207","4.4810779718524429427"
"10/28/2021 14:34:25.595","1017810.6906393181998","89791.820327077701222","57.437467797994024465","4.247879204181359114","0.35551657020499449757","10.47565941854354854","1.1339890970002652892","2.6909341505908179748","2.6909341505908179748","4.247879204181359114","1.9124616237955360809","3.4694066773860887665"
"10/28/2021 14:34:27.583","653912.45116625796072","204057.78617954149377","57.447558957489107456","0.14815937488458219562","1.7206293059887634023","10.369213927061748493","0.14815937488458219562","2.5068642715408540056","4.0793342026450352122","1.7206293059887634023","1.7206293059887634023","2.8017036415988294529"
"10/28/2021 14:34:29.588","1382924.4592914339155","10213.622299050472066","57.443629381582979931","0.25135163159113460551","1.0306379469693260909","11.94064636226405085","1.0306379469693260909","1.0306379469693260909","5.7063558392384976514","4.1477832084821031344","0.25135163159113460551","3.1736728205431496974"
"10/28/2021 14:34:31.589","496336.06860838766443","147877.44724517941358","57.467143996028958952","3.1894371106591434817","1.6279764188955825333","10.996740569476958882","1.6279764188955825333","4.7508978024227044301","4.7508978024227044301","5.5316281483044900114","2.4087067647773685586","4.3605326294818169686"
"10/28/2021 14:34:33.598","8307385.3823685888201","10195.612889504895065","57.470256219960347721","5.0932595328561980352","4.3153354306665008266","19.873817474460565791","1.9815631240973852201","10.538728248184126457","7.4270318394253127536","8.9828800438047196053","2.759487226287093975","7.6215153543298663763"
"10/28/2021 14:34:35.587","1259867.2138458981644","26761.885261432478728","57.47116786834578761","1.8378517364943669499","1.0525545503863309449","5.7643376670345913837","0.26725736427828383768","0.26725736427828383768","6.5496348531426384909","1.8378517364943669499","3.4084461087104611643","2.6231489226024140571"
"10/28/2021 14:34:37.591","4067094.4274236341007","57229.04401927847357","57.482956619347206129","1.7629281857689860225","1.7629281857689860225","27.491685089496154859","2.5425874858819308422","7.2205432865596002046","4.1019060861078209257","8.0002025866725450243","3.3222467859948756619","7.0256259666215958859"
"10/28/2021 14:34:39.605","1284237.5388453791384","2034.4357051015906563","57.482422203170699504","2.2113618402135437613","1.4352615373580901448","20.837769108744296886","0","4.5396627487798824063","6.8679636573462321536","11.52456547447892099","1.4352615373580901448","5.8978407622978901159"
"10/28/2021 14:34:41.598","10808877.13129989244","0","57.484151203530878149","3.5904460445859487372","2.0228110209206784376","12.212438674744930722","1.2389935090880488389","1.2389935090880488389","12.212438674744930722","5.9418985800838486355","0.45517599725540813793","4.8641482472059571762"
"10/28/2021 14:34:43.593","1024061.0330109398346","78023.697753214466502","57.481101843873297241","2.0948260953474240331","3.6613088778218672026","15.409929746380168325","0.52834331287298086366","3.6613088778218672026","4.4445502690590776851","6.0110330515335208545","0.52834331287298086366","4.5424541897775121413"
"10/28/2021 14:34:45.600","2331540.5348857245408","0","57.443409333341620027","6.5754770243686477826","4.2398639499778738582","15.917929321931790554","4.2398639499778738582","4.2398639499778738582","9.689627790223031667","8.132552407295845498","6.5754770243686477826","7.4513356642461170409"
"10/28/2021 14:34:47.584","2530768.0678874859586","24768.450863207119255","57.452305885369959526","1.5728637475137197121","0","7.0847833776529478556","2.3602808375336015168","0","4.7225321075932802373","6.2973662876330553928","0","2.7539893825435535213"
"10/28/2021 14:34:49.589","544861.15618653665297","59262.910565061654779","57.458373172548213859","1.7781166782678714533","0.99857792174617987513","9.5735042434846988613","0.21903916522449939919","1.7781166782678714533","3.3371941913112324052","0.99857792174617987513","0.99857792174617987513","2.4602093484383136257"
"10/28/2021 14:34:51.594","1619905.4048937999178","130756.98680523814983","57.462931484324606402","5.6987836720495899101","1.022690300415685094","21.285761577495932784","1.022690300415685094","2.5813880909603126312","4.9194347767772654834","10.374877043683493838","3.3607369862326375021","6.2832978374202870242"
"10/28/2021 14:34:53.591","9262966.211865382269","94321.294022314905305","57.46792991586679733","4.568855229263779627","1.4399652367806270448","10.826635214230096338","1.4399652367806270448","3.0044102330222033359","5.3510777273845677726","11.608857712350884483","1.4399652367806270448","4.9599664783241736998"
"10/28/2021 14:34:55.598","885001.96850854845252","61245.810969449717959","57.462994348598407157","0","1.8746269989789454691","8.8835822133375934584","0","0.31708139578813243631","1.8746269989789454691","3.4321726021697585018","0.31708139578813243631","1.9719723531418931195"
"10/28/2021 14:34:57.586","12841505.986475173384","43258.201109396635729","57.46205124479300963","2.5703476033537508982","1.7846246001549936899","5.7132396161487903896","0.21317859375746817108","0.99890159695623648162","4.9275166129500336254","8.8561316289438316574","0.21317859375746817108","3.1596423700664288958"
"10/28/2021 14:34:59.591","1008338.7048712887336","12256.332700385377393","57.458027372476180972","1.0318225800008296034","4.1489305302370160788","14.279531368504649436","0.25254559244177743338","6.4867614929141614866","1.8110995675598706711","8.0453154680322658265","1.0318225800008296034","4.635977400618241262"
"10/28/2021 14:35:01.607","3084637.9205940570682","0","57.436587581745492059","5.414610990204449692","5.414610990204449692","15.493381950264629054","0.76287054709974766453","4.6393209163536734962","4.6393209163536734962","6.9651911379060127416","1.5381606209505349625","5.6084310277389137767"
"10/28/2021 14:35:03.597","1089315.5562862968072","664806.65976471209433","57.44614432506406132","4.2090096344756471325","4.2090096344756471325","11.275558104063510001","0","1.853493477946366319","5.7793537388285081136","5.7793537388285081136","4.2090096344756471325","4.6015956605638619337"
"10/28/2021 14:35:05.583","787312.79576577770058","428834.20365114702145","57.444069501348785423","0.90519923176425320932","1.6916659045280280083","3.2645992500555776061","0.11873255900047841038","0.11873255900047841038","0.90519923176425320932","0.11873255900047841038","0.90519923176425320932","1.003511340899754245"
"10/28/2021 14:35:07.590","0","0","57.439196821637260371","0.30888792620504812447","0","2.645398365434614707","1.0877247392815703186","1.0877247392815703186","0.30888792620504812447","1.0877247392815703186","0.30888792620504812447","0.79565968823898103324"
"10/28/2021 14:35:09.601","3722533.856919400394","2093559.3543941152748","57.446867357345034577","2.8921906303673416971","3.6690531053244046511","5.2227780552385301149","0","0.56160320549616393748","1.3384656804532157892","3.6690531053244046511","1.3384656804532157892","2.3095412881896315582"
"10/28/2021 14:35:11.592","6000693.7249529706314","876268.92684204841498","57.448784997092737115","1.91129652411552442","2.6960061519225919646","7.4042639187650527433","1.91129652411552442","5.0501350353438283491","1.91129652411552442","10.543102429993355784","3.4807157797296706114","4.3635178776188503491"
"10/28/2021 14:35:13.601","620343.47155159537215","1141798.994474587962","57.447779029013531726","1.9986208374800917831","0.4430433904559660796","4.3319870080162807824","0","2.7764095609921546348","1.2208321139680289313","0.4430433904559660796","0.4430433904559660796","1.4152768059221276786"
"10/28/2021 14:35:15.590","551863.21099278249312","1295231.1929644036572","57.44711886100636633","4.1652340678377974825","0.23757972635572999209","4.9507649361341998784","1.0231105946521434902","4.9507649361341998784","0.23757972635572999209","4.1652340678377974825","1.8086414629485569883","2.6923624329326267812"
"10/28/2021 14:35:17.592","470670.07685309730005","1074355.6102081567515","57.446490125136094207","3.9828093069990688768","0.8602990405600086099","3.9828093069990688768","0.079671473950249094287","0.8602990405600086099","0.8602990405600086099","10.22782983987717742","1.6409266071697681255","2.8118679570844240523"
"10/28/2021 14:35:19.599","122912.73252769140527","542652.06393968325574","57.448533493431405361","4.2761222773265217256","2.7196364606976830558","9.7238226355274566259","0.38490773575443615329","3.4978793690121023907","1.1631506440688554882","5.0543651856409415046","8.9455797272130368469","4.4706854947824332669"
"10/28/2021 14:35:21.587","1368190.6444670513738","612207.33921915525571","57.448533493431405361","0.14139098393822768784","0.92767924390722011907","9.576850103566114214","0.14139098393822768784","0.14139098393822768784","4.0728322837831782977","0.92767924390722011907","0.14139098393822768784","2.0088268594258051891"
"10/28/2021 14:35:23.592","8473303.2531472016126","171538.82587560763932","57.259536454747326673","7.3028572630763228801","8.0818248491008937151","13.534597951272875349","4.9659545050026121515","6.5238896770517529333","8.8607924351254645501","9.6397600211500353851","4.9659545050026121515","7.9844501618034025014"
"10/28/2021 14:35:25.593","80341.511391700492823","223114.00615784342517","57.172299795125681499","1.6149982369407678284","3.1766649315924988528","14.108331794154638672","0.83416488961489676512","6.2999983208959715597","2.3958315842666388917","11.765831752177035696","3.1766649315924988528","5.4215620544877278775"
"10/28/2021 14:35:27.594","121553.85208005781169","158147.95912731732824","57.136870701130682448","5.4963072767980847289","3.1532405150658027182","7.8393740385303667395","0.029151499422763738067","2.3722182611550457487","0.81017375333353180977","2.3722182611550457487","1.5911960072442887792","2.957987450859334011"
"10/28/2021 14:35:29.590","94419.215785712643992","264784.32252949848771","57.158970659868543862","8.3931401375873075921","5.2612816807526829876","9.9590693660046127889","6.0442462949613311451","6.8272109091699899608","5.2612816807526829876","11.524998594421919762","2.912387838126717643","7.0229495572353917154"
"10/28/2021 14:35:31.600","200697.53855802767794","211904.00010187693988","56.957461814619016138","2.843866057276867032","2.0666169857350813466","6.7301114149857843572","0.51211884265150997564","3.6211151288186527175","1.2893679141932956611","9.0618586296111409695","3.6211151288186527175","3.7182700191628614839"
